名称,类别,客户数量,描述
移动信贷系统,信贷业务,16,宇信科技移动信贷系统主要是为了实现贷款贷前业务、贷中业务的线上进件和业务审批功能，建立完整的贷后管理作业流程系统与管理流程，同时根据交叉营销的建设思路开发新业务需求，满足客户经理一线营销的基本需求和相关管理人员的移动审批需求。移动信贷的建设旨在实现线上进件、审批和控制贷后风险等功能。在数据架构、流程体系、参数化配置等方面保证系统的健壮性、稳定性和扩展性。
农户预授信工具,信贷业务,16,宇信科技面向三农及小微信贷业务，以提高工作效率、管控信贷风险为出发点，构建的一套供银行信贷客户经理或前台营销人员进行农村市场客户营销时使用的客户采集工具系统，涵盖客户类型包括农户、自然人、个体工商户、小微企业主，帮助用户快速获取客户信息，提交贷款申请，并对客户信息进行定期追踪。客户信息采集工具由两部分组成，分别为渠道采集端和后台管理端，共同完成客户信息的数据采集和初步的数据分析（例如：预评级、预授信），为后续各个业务系统提供强有力的支撑。通过可配置的数据采集模板，规范采集标准，提升采集过程的便利性。
财务分析工具,信贷业务,16,宇信科技面向银行对公、小微业务授信流程风险管理，以有效防范风险为出发点，构建财务分析工具。将客户财务类数据进行标准化录入存储，并以此为基础进行财务分析应用、历史数据分析、中长期的财务预测、同业比较、财务表现比率分析，以协助用户对客户的历史财务情况和未来发展实力有较为准确的了解，为正确的信贷决策奠定客观的基础。
信用评级工具,信贷业务,16,宇信科技面向对公、零售、小微信贷业务，以提高银行信用风险管理能力为出发点，构建简洁易用的信用等级评价工具。评级对象涵盖企业客户、同业客户、事业单位、个人客户、农户全类型客户。系统通过对借款人或潜在客户的资本状况、经营能力、资本流动性、经营管理水平、行业的发展前景等进行综合评价，了解债务人还款能力、还款意愿及其违约的可能性，并进行量化的信用评级，帮助提高银行信贷质量，选择优质客户，降低不良贷款率，保证信贷资产的安全性、收益性。
供应链金融系统,信贷业务,16,"供应链金融系统是字信科技针对信贷业务中""供应链金融”这一细分领域构建的信贷系统。系统涵盖共3大类6小类的供应链金融业务，分别为：应收类（传统保理、池融资、反向保理）、预付类（预付质押融资、保兑仓）、存货类（动产质押），适用银行、类金融机构（金控集团）、产业链背景的金融公司/财务公司等银行及非银金融机构。系统致力于实现供应链业务相关群体（银行、核心企业、借款人、物流监管企业、交易市场、其他金融机构等）之间的信息流互通及全流程直通，提高产业链核心企业及其上下游企业的融资效率，降低金融机构的信贷风险及管理成本。"
信贷作业平台,信贷业务,16,信贷作业平台通过将统一授权体系和信贷作业前端从原信贷类系统中分离的模式设计，可解决传统信贷系统群架构下不同厂商系统的前后端耦合问题，以及业务人员在业务处理过程中需要频繁切换系统的问题，进而提升银行信用资产业务经营中客户经理作业效率、授信风险把控水平，加快决策效率。信贷作业平台将前台业务和后台操作彻底隔离，由此产生的直接结果就是服务的标准化、成本的降低及风险控制的加强。
统一授信系统,信贷业务,16,宇信科技基于商业银行授信管理的发展趋势，根据监管要求建设专业的统一授信管理系统作为授信管控的重要手段，发挥着防控信用风险、防止过度融资的重要作用。统一授信管理系统定位为全行集中、统一、标准的授信额度管控系统，将规范各级机构及业务条线对客户授信的作业流程，建设专业化的操作、支持和管理平台。统一授信管控系统可以实现单一法人客户、集团客户、同业客户以及零售客户授信额度以及限额的集中管理，同时支持授信管理从授前客户信息收集、客户评级、授信申请、审批到授中阶段的信用额度占用、维护，再到授后阶段授信变更、展期操作等相关功能，也可以满足在客户统一视图、额度限额以及集中度多维管理的客户定制化需求。
同业授信系统,信贷业务,16,"宇信科技面向商业银行构建符合统一授信管理要求的同业授信业务系统，覆盖同业年度授信、批量年检、类信贷业务额度登记，构建满足对类信贷业务穿透底层资产管理的同业授信业务系统。同业授信系统重点解决目前商业银行存在的""同业客户信息分散""、""额度管理手段缺乏信息化""等问题，通过构建包括客户管理、信用评级、授信管理、同业业务、风控管理的功能模块，搭建同业授信管理的整体框架，适合银行及其他金融机构对于同业授信的管理需求。"
网络信贷系统,信贷业务,16,宇信科技聚焦商业银行在后疫情数据经济时代下信贷业务数字化转型及零接触式信贷服务诉求，借助内外部大数据，通过客户360度画像实现精准营销，全渠道最大范围触达客户，实现自动化审批、额度及定价模型满足业务快捷高效自动化办理，全程零人工干预，构建全天侯响应的自助式在线融资处理平台。
小微信贷系统,信贷业务,16,宇信科技面向小微信贷业务、包含小微企业贷款及个人经营贷款，包含融资渠道进件、贷款审批和贷后管理的全生命周期风险管理。借鉴国有银行及股份行的先进实践，满足区域性中小银行小微信贷细分领域的信贷工厂模式、IPC模式、大数据风控多元业务模式的处理需求，提供融合小微网贷业务、小微传统业务线上化、在线小额供应链业务的多元业务处理平台。
零售信贷系统,信贷业务,16,宇信科技面向零售信贷业务，运用移动互联网和大数据，构建新一代分布式零售信贷系统，提高客户的服务体验，帮助提升商业银行业务快速发展，持续优化资产质量，提高盈利能力的战略目标，构建安全、稳定、灵活、可扩展性强的全行级零售信贷平台。新一代分布式零售信贷系统基于SpringCloud的分布式架构，在技术架构上接受Spring4，iBatis，Eureka，Feign，Hystrix等相关开源框架约束，具备低耦合性、高扩展性，能够快速响应市场需求，满足零售信贷业务的短频快特色需求的需要。
对公信贷系统,信贷业务,16,宇信科技对公信贷管理系统是以总部为核心跨地区的全行一体化的信贷管理系统，既是银行风险控制管理系统，又是银行信息化管理系统。系统的设计思路与功能应用，在国内银行业均处于领先的地位。本系统是全面遵循巴塞尔新资本协议，以客户管理为基础、流程管理为主线、信贷风险防范为目标的全流程系统，能够实现企业法人信贷业务的管理、统计、分析、监测、审批、控制的电子化和自动化，提供信贷及相关业务信息的存储、汇总、收集、反映，为各层经营管理提供监控、决策、分析、预警等功能，为商业银行信贷业务的创新、经营决策提供充分的信息支持。
综合信贷系统,信贷业务,16,宇信科技新一代综合信贷系统产品面向以全流程信贷系统规划的商业客户，产品涵盖对公、同业、零售、中小及微小企业业务，即：一个平台多条跑道，可灵活定制、整合、拆分业务条线的架构理念。产品按信贷业务全流程系统的概念支持商业银行的信贷业务开展。针对客户管理、财务分析、信用评级、额度授信、业务用信、合同管理、发放支付、贷后管理、风险分类及处置、保全管理这些流程，信息捕捉和审批在信贷系统进行，通过与核心（核算）系统直连，完成相应的后续处理。除此之外，系统将覆盖其他所有贷前、中、后流程。系统将是商业银行信贷业务基础数据的唯一来源，满足风险管理、绩效衡量、新巴协议、统计等各种对内、对外数据需求。
不良资产管理系统,贷后管理体系,8,"本产品为覆盖全行不良资产处置的综合动态数据采集和业务信息管理系统。通过建设以风险控制为中心，以业务流程为主线，集不良资产处置管理、不良资产证券化管理、不良资产竞价交易管理为一体的不良资产管理平台。不良资产管理系统可协助银行控制操作风险，规范业务流程，完成责任认定，预防形成二次损失，不断提高全行不良资产清收处置工作的日常化、集约化、规范化、精细化程度，实现不良资产回收价值最大化。
    本系统采用先进的分布式微服务架构，充分应用大数据、区块链先进技术，实现了不良资产的智能化尽调、精准化处置、电子化管理。为企业提供涵盖全行对公、零售不良、已核销、抵债及其他非信贷类不良贷款的全业务口径、全生命周期的流程化管理。产品功能包括不良资产移交管理、不良资产日常管理、不良资产处置方案管理、不良资产处置方案执行管理、抵债资产管理模块功能等，也可实现对诉讼案件的精细化管理。"
资产证券化系统,贷后管理体系,8,资产证券化系统参考既定标准从信贷系统中筛选出可证券化的基础资产，通过一定的产品设计实现发行及后续服务，对资产证券化生命周期中不同阶段实行有针对性的动态管理，协助银行盘活存量资产，优化杠杆结构，提高资产流动性，提升资本充足率，挖掘盈利增长潜力。系统提供基础资产管理、资产池管理、产品方案设计、项目发行管理、贷款服务管理、产品存续期管理、债券投资管理等功能。
催收管理系统,贷后管理体系,8,"宇信科技根据多年来对商业银行信贷业务及贷后管理领域的探索和实践，推出一套完整的商业银行催收管理系统软件产品，该产品的设计理念集中于“策略化、差异化、规范化、移动化、合规化”。
宇信科技催收管理系统将通过对催收过程的规范化全流程管理，建设一个规范化、差异化的集合业务处理与管理功能的催收系统，使其能够满足商业银行的业务需求以及监管的合规性要求。"
智能贷后管理系统,贷后管理体系,8,依托人工智能前沿技术，秉承差异化高效管理思路，满足精细化管理整体要求，智能贷后管理体系旨在为银行提供高效率、优质量、稳合规的系统支持。在传统贷后管理体系基础上，融入更多智能化元素。在功能层面，除涵盖贷后检查、到期回收、风险分类、贷后作业管理、贷后检查监督等传统功能以外，利用移动端的便携性、灵活性，加入语音填充及定时定位拍照功能，同时可在移动端进行操作和查看必要工作流过程。
内部评级管理系统,信用风险管理体系,8,宇信科技内部评级产品系列包括非零售内部评级系统、零售内部评级系统两类产品，为客户提供内部评级模型运行、维护和监测工作的系统平台。内部评级系统内嵌完善的模型配置、维护工具，能够实现灵活的参数化配置和版本管理，并提供友好的用户交互页面；同时，提供高效的流程配置工具，满足不同审批权限、不同业务种类等多维度的配置要求，支持集中作业（任务分发）、指定岗位两种任务处理方式；此外，本产品提供基于相关数据的报表类型，满足常规业务的统计需求的同时，满足模型监控、模型优化的需求，以便商业银行持续监控模型的表现，并为模型验证提供支持，其功能范围超越相关监管要求。
信用风险预警系统,信用风险管理体系,8,宇信科技信用风险预警系统以实现全行范围内建立信贷业务风险监测、及时提示、持续跟踪与改进的风险管理机制为目标，系统在整合内外部风险信息的基础上，利用大数据技术，通过构建“规则模型+机器学习模型”的预警模型体系，实现对信贷风险的自动识别和主动提醒。系统通过将风险预警与信贷场景的全面结合，实现对信贷业务全资产、全客户、全流程的全面覆盖，涵盖客户预警、组合预警、机构预警、业务预警、流程预警等全面预警管理。
押品管理系统,信用风险管理体系,8,宇信科技押品管理系统针对银行业押品的种类多、估值虚、成本高、管理难等痛点提供一套行之有效的智能解决方案。作为重要担保类型，押品不仅是银行信贷最为重要的第二还款来源，同时，作为银行信用风险管理、风险缓释计量的依据，是银行风险计量不可或缺的一部分。正因如此，押品管理是银行业务管理与风险管理部门均极为关注的内容。宇信科技提供押品生命周期管理、价值管理、信用风险缓释功能，通过信息管理、价值管理、权证管理、担保落实、流程管理、贷后预警等功能实现押品在不同时点阶段的全生命周期管理；赋能估值管理，提供预评估、人工评估、外部评估、价值重估入口，结合外部样本库、GIS地图等工具，助力估值管理；深耕信用风险量化，细化押品合格认定、风险缓释、报表统计分析功能，使信用风险量化有据可依。
手机银行,客户渠道,8,目前手机银行业务功能和服务内容日渐丰富。宇信科技具有丰富的手机银行搭建经验，可为金融机构打造“千人千面”的营销平台、“智能化”用户体验、“经营化”中台服务和“开放化”用户体系及服务体系。
交易银行,客户渠道,8,宇信科技的交易银行并非仅是一个IT系统，而是一套以面向交易服务为核心理念的体系支撑，帮助银行从系统建设、服务模式到组织架构都围绕着面向交易服务进行调整，面向产业链改变标准化的产品服务，转而以解决方案进行跨部门和跨产品的组合和打包销售，改变过去业务办理过程中出现的业务竖井，整合建设能力中心，形成业务中台面向客户提供一站式的服务。
开放银行,客户渠道,8,金融服务开放平台可以满足金融机构三方面价值的提升诉求：由封闭运行向开放转变，由被动式服务向主动式服务转变，由以账户为中心向以用户为中心转变。宇信可以帮助银行将金融服务能力打包输出、快速接入外部场景，主动嵌入到用户的交易场景。
微信银行,客户渠道,8,微信银行是专门面向微信、易信、支付宝钱包、微博等公共号渠道提供金融服务的产品。以微信为例，产品的主要适用场景包括微信客服、微信交易和微信营销多个方面，有机结合互联网金融的服务模式，丰富了银行与客户沟通的渠道，为银行向互联网客户延伸自身的服务和产品提供有力的支撑。
直销银行,客户渠道,8,宇信科技直销银行建立了一套独立的网络直销模式，集存、贷、汇、付于一体，通过“开放平台”的理念实践，将标准化、高收益的银行产品及更为优质的客户体验和更加精准的服务模式集于一体，为银行带来四种价值：扩宽用户范围、完善创新机制、提高产品营销能力和增强用户粘度。
网上银行,客户渠道,8,宇信科技新一代网上银行产品是以客户为中心、面向营销、多渠道协同、用户数据建模、基于WEB2.0的创新用户体验、金融服务平台化为设计理念的新一代互联网银行。
统一PC门户,员工渠道,0,建立统一员工工作台，为各系统提供统一的多种认证方式的认证服务，解决系统用户一个业务场景在不同系统间来回切换的困扰。通过建立统一门户，整合信息系统安全资源，提高认证安全等级，使用户身份信息管理、用户认证管理规范化，提高风险防范能力。
移动工作站,员工渠道,0,提供完整的移动服务业务功能，包括移动开户开卡、移动签约、移动信贷、移动CRM等业务功能；提供完善的移动业务辅助功能，包括考勤管理、工作日程管理、绩效管理、业务双录（录音录像）等。系统有效提升对小微客户的服务效率，开启现场开户、授信审批、理财认购、业务签约的一条龙服务。
网点前端系统,员工渠道,0,不仅支持传统的柜面高低柜业务，还支持各种现场服务和营销功能；支持客户识别、一句话营销、综合签约、购物车模式交易等以客户为中心的服务流程；具备更强的系统集成与整合能力、业务流程的控制能力和网点的运营管理能力。
呼叫中心,远程银行,8,宇信科技呼叫中心是一套集成多渠道触达的全媒体智能化客户联络管理系统，它支持语音、文本、视频等媒体流的呼入与呼出，支持基于NLP技术的智能交互体验，全面集成客户管理、客户视图、客户交易系统，可实现客服中心、信用卡中心、远程银行、在线客服、视频客服等多种应用，支持客服服务、业务办理、外呼营销、催收催缴、客户关怀、风险管控等多种业务场景，是银行和客户联络不可或缺的管理中心。
智能客服,远程银行,8,宇信智能客服系统是以AI交互智能与数据智能系统为基础平台搭建的智能化应用系统，包括智能在线客服、智能语音、智能外呼、智能坐席辅助、智能实时质检、智能知识库等多套子系统，实现了机器人对话、人机智能辅助、智能监控督导等功能，为呼叫中心向远程银行转型提供有力的支撑。
云银行,远程银行,8,云银行是一个全渠道银行系统，将打破传统物理网点空间和时间的限制，帮助银行构建一个“业务流程标准化”、“风险管控集中化”的全渠道业务受理的系统平台，助力银行不断提升零售业务网点产能，优化客户体验。
智能网点,远程银行,8,提供网点高效、智能、安全的运营系统，有效提升网点服务秩序、改善服务效率；实现客户识别、客户分流和客户分层，为不同层次的客户提供差异化、个性化的营销和服务；提供各种统计分析报表，实现大堂运营管理图表化和实时化，有效提升网点运营管理水平；支持排队机设备、多媒体广告机、多媒体电视、LED门楣走字屏等设备的统一联网管理及广告、公告信息发布。
超级柜台,远程银行,8,可实现大部分非现金业务的自助办理；可客户自身的属性信息，形成精准营销的产品推荐服务信息；支持远程视频、电子签名、录音录像功能，全面支持开卡、签约、理财产品签约购买、代理类业务销售等业务；支持远程集中审核和现场快速审核两种模式，满足不同类型网点使用。
统一自助服务平台,远程银行,8,实现了设备管控标准化、产品操作流程模板化，支持产品快速发布，多设备渠道的统一客户识别和信息采集，支持跨渠道设备的业务流程衔接，支持多渠道设备业务预约、预填。
分布式银行核心系统,核心系统,2,基于宇信统一开发平台精心打造的全新一代银行核心系统，设计理念先进，技术架构领先，业务模型先进，业务功能强大，能够有力支撑银行存、贷、汇等业务的快速发展，助力银行在激烈的金融市场竞争中取得先发优势。系统全面支持分布式、微服务架构体系，以Java语言开发，支持国产数据库，部署方式灵活，开发、测试、运维体系完备，完全满足国产化要求。
互联网金融核心系统,核心系统,2,互联网金融核心系统是在分布式核心系统分布式平台架构和业务组件的基础上，构建业务中台能力，形成了客户中心、产品中心、营销中心、额度中心、账户中心、合约中心、交易中心、支付中心、核算中心、差错中心、内管中心等能力单元，通过场景化封装，全面支撑互联网金融业务发展，可应用于互联网金融、社区金融、网络贷款平台、助农平台等各种场景。同时，系统与数据中台进行整合，全面支持互联网金融业务中对客户识别、风控、人工智能技术应用等方面的要求。
金融数据中台,数据智能,8,"宇信科技面向银行、信托、保险、消费金融等行业提供金融数据中台建设解决方案。数据中台是数据服务的加工工厂，聚合和治理跨域数据，沉淀共性公共数据，将数据抽象封装成服务，为前台业务提供更快的数据类业务服务，同时让数据参与到业务生产的各个环节，实现数据的价值变现。
宇信科技数据中台业务为客户提供两种业务模式，第一种是专注帮助客户解决数据产品业务运营，价值变现的“瘦中台”模式，另一种是全域服务的大中台建设模式。“瘦中台”业务模式重点建设的是数据产品化、产品工厂化的数据运营模式，让数据来源于业务，服务于业务，快速实现数据产能的提升。大中台建设模式，通过开放、共享的数据资产价值化的理论，以数据资产为主线，让数据中台建设贯通平台、数据、治理、场景、赋能，目标是优化金融机构数据布局，为数字化银行全面智慧服务提供数据基础。"
金融大数据平台,数据智能,8,"宇信科技面向银行、信托、保险、消费金融等行业提供金融大数据平台建设解决方案。结合超过15年的金融数据服务经验，帮助金融客户构建安全、稳定、高效、敏捷的现代化、智能化的大数据平台，在保证数据实时可用的同时，推动企业发挥数据价值，充分转化为知识与洞察，促进金融业务快速创新。宇信科技提供从数据采集、建模、存储、分析到应用场景的全流程数据驱动解决方案，帮助企业驱动业务决策和产品智能。
大数据平台建设解决方案主要包括平台建设规划、基础工具键全、智能应用体系建设。其中“基础工具键全”包括数据采集、数据交换、数据存储、数据开发、实时计算、数据服务、数据治理、数据资产相关的全套自主知识产权产品服务，“智能应用体系建设”包含基于大数据平台实施的数据湖、数据仓库、实时数据平台、决策分析平台、历史数据平台、数据模型实验室、客户标签管理、日志分析平台、统一监管报送等相关应用场景。真正做到支持大数据平台建设模式的多样性，以及配套技术支撑体系的完备性。"
金融数据仓库,数据智能,8,"宇信科技面向银行、信托、保险、消费金融等行业提供企业数据仓库建设解决方案。宇信科技拥有超过15年的金融数据仓库建设经验。数据仓库的建设目标是实现智能化的数据管理，主要场景是支持管理决策、金融监管和业务分析，是金融客户在数据体系建设中最核心的环节。宇信数据仓库在建设模式上借助高效的数据管理及治理方案，全面整合企业内部的经营数据，通过预定的数据模型快速完成数据分析，从而为企业的业务决策进行服务，成为企业建立数据驱动的基础数据平台，并应用基于数据整合的经典分析场景。数据仓库同时也是数据中台建设的关键基础设施，与大数据平台一起构成金融数据体系中最关键的双子平台。
宇信科技数据仓库解决方案能够提供除基于数据平台软件之外的所有全系列的数据工具、应用产品，为金融客户提供完全国产化的建设服务，同时宇信的数据仓库方案也与国内主流的数据平台软件供应商产品进行了集成。"
数据产品运营,数据智能,8,宇信科技以企业数字化转型战略角度，全面审视企业数据资产现状与数据使用现状，结合行业最佳实践，以“使用数据、实现价值”为目标，构建企业级数据产品运营体系，形成一体化数据应用解决方案。数据产品运营建设解决方案以数据使用者为中心，全面结合业务场景构建数据产品，以支撑业务和驱动业务发展为目标，将企业数据与服务能力相结合形成数据产品，打通产品开发集成体系、产品发布流通体系、产品消费评价体系、产品定制生产体系等多个服务体系，形成全面的数据产品运营体系。从“价值”和“效率”两个角度出发，为企业设计打造数据产品运营平台，实现数据产品生产者、使用者、运营者的有效互动，提高企业数据产品生产效率，实现数据资产价值。
数据资产管理,数据智能,8,宇信科技面向银行、信托、保险、消费金融等行业提供数据资产管理建设解决方案，方案从战略规划、组织架构、制席政策、管理流程、建设目标、实施路线等多个角度为金融机构进行数据资产管理提供全方位的建设指导，帮助金融机构推进数据治理，提升数据资产质量，提高资产管理水平，实现数据资产价值。方案不仅涵盖元数据管理、数据标准、数据质量、主数据管理、数据安全、数据生命周期等数据治理部分内容，同时还涵盖数据在资产盘点、数据资产目录、数据资产地图、数据资产评估等资产服务相关内容。通过数据资产管理实现数据可见、可懂、可用、可运营。
全面风险数据集市,数据集市,8,宇信科技为解决银行、信托、消费金融公司等金融机构全面风险管理、智能风控等问题，成立了专门的风险业务组，从巴塞尔协议及130+风险类实际项目案例中，提炼出了一套涵盖资本、效益、质量、容忍度、集中度等的全面风险指标体系，并基于此设计出全面风险数据集市。该产品能覆盖信用风险、市场风险、操作风险、流动性风险等11类风险的绝大部分管理需求，并可结合行内外数据为内部评级、风险预警、RWA、I9等提供全面的数据支持，整体上提升金融机构的风险管理能力。
统一监管数据集市,数据集市,8,"面对日益严格的监管要求、越发增的大监督范围，金融机构由于数据质量差、数据不统一、报送机制不健全等原因，错报、漏报、迟报等情况时常发生，而重明细、重质量、重逻辑的报送要求已经成为必然的趋势。
宇信统一监管数据集市解决方案集各大监管模块需求于一身，底层模型以明细类报送为设计依据，向上衍生出业务整合层及指标层支撑指标类报送，从根本上保障了报送数据的一致性、统一性，并且提炼出了监管视角的数据标准、数据质量检核规则与工具，助力金融机构完成数据治理工作。
宇信统一监管数据集市能够从数据来源、逻辑整合、指标体系等多个层面进行保障，全面提升数据质量，同时满足基于监管数据的分析挖掘需求，支持管理决策。"
智能客户分析集市,数据集市,8,"宇信科技面向银行、证券、消费金融等行业提供金融智能客户分析集市解决方案。为了满足金融客户数字化转型的战略目标，有效提升数据使用效率，更好的支撑数据分析应用，我们推出了统一的智能客户分析数据集市，旨在将客户相关数据（客户、账户、交易、合同、产品、机构）进行集中存储，结合内外部数据提供完整的客户数据视图，同时建设客户标签体系，为零售对公板块经营决策、营销分析、数据挖掘等工作提供强有力的支撑。
宇信科技智能客户分析集市将为客户提供全套客户主题模型和标签库，客户主题模型包含背景信息、关联关系、财务状况、产品持有、评级信息等；标签库内置12大类（持有产品类、客户价值、消费行为、人群特征、客户偏好、预测类等）1000多个标签；同时宇信提供智能客户分析平台对客户数据进行分析、对标签生命周期进行管理、对用户进行特征刻画，将客户的价值、成长、画像信息直观展现。"
网贷融资智能分析集市,数据集市,8,"宇信科技面向银行、信托、保险、非银机构等行业提供融资业务数据集市建设解决方案，结合超过15年的金融数据服务经验，为网络融资业务提供全面的统计分析、自助查询、多维分析、数据挖掘等决策支持；准确及时的提供网络融资业务客户、产品、营销、风险、预警、催收等数据支持；实现数据与业务的交互驱动，促进网络融资业务良性快速增长。 
网络融资数据集市解决方案主要解决数据运营和数据质量问题。第一，通过数据分析建立客户视图，围绕客户拉新、盘活、交叉营销等方面开展营销活动，并进行营销活动效果的分析；第二，支持互联网信贷业务核销、催收管理、资产证券化等业务管理要求，开展产品和客群的盈利分析、成本分析、绩效分析等，为业务发展决策支持；第三，基于大数据模型技术，实现互联网信贷数据行内、行外数据信息的整合，开展互联网信贷业务风险管控，加强客户授信管理、贷后风险评估、贷款催收等其他支持互联网信贷业务的数据加工和修正。"
智能客服分析集市,数据集市,8,"宇信科技面向银行、信托、保险、消费金融等行业提供企业智能客服数据分析集市建设解决方案。智能客服数据分析集市的建设目标是实现智能化的数据分析，支撑客户服务中心数字化转型，为客户服务和客户经营提供数字化支持。
宇信科技提供从数据采集、存储、建模、分析到应用场景的批流一体化的全流程数据驱动解决方案，全面分析客服系统数据体系，形成以大数据为平台、客服指标体系为基础，以固定报表、专题分析、客户标签、营销支撑、预警规则、数据服务为分析手段，以运营和经营为导向的多维数据分析体系，帮助企业客户服务实现数字化管理，快速实现服务转型。"
经营分析数据集市,数据集市,8,"宇信科技面向银行、证券、消费金融等行业提供金融经营分析数据集市解决方案。为了适应金融企业未来发展要求，快速反映经营状况，把握战略发展方向，我们推出新一代经营分析集市解决方案，将内外部数据进行统一归集、加工、展现，形象、直观、具体的展现给决策人员，同时对业务人员、管理人员提供不同维度、不同视野的数据报表、图表及智能分析报告，辅助管理人员进行经营分析和决策。
宇信科技经营分析数据集市将为客户提供完整经营分析数据模型、指标生命周期管理体系、数据血缘与影响分析、丰富的数据展现体验，其中经营分析模型内置了包括基础指标（客户、风险、运营、财务、绩效等8大类）、内部管理职能指标、外部管理职能指标、决策指标等1200多个指标；同时搭配集成Excel和Echarts的经营分析产品，通过PC、移动端等多种方式将经营数据呈现到决策人员手中。"
财务数据集市解决方案,数据集市,8,财务数据集市是公司财务相关各类数据的汇集平台，是支持上市引战、信息批露、监管报表、财务报表、管理会计、资本管理数据采集、整理、加工等的关键系统。通过集市的建设对现有业务系统数据进行整合并向管理会计，财务应用及报表分析工作提供数据支撑，包括财务集市环境搭建、业务及数据分析并进行验证、模型物理化落地，实现财务数据标准落地及数据质量检核、对应用所需的数据提供支持。
统一数据门户平台,数据运营,0,宇信科技面向金融机构及大中型企业，从数据使用角度出发，打造真正方便用户的企业一站式数据服务检索门户平台。企业级统一数据门户平台肩负了集成企业全域数据服务资源、产品化包装、规范化管理、体系化运营、对所有用户提供数据服务的使命。涵盖了数据产品的注册、审核、发布、查询、订阅、开通、评价等的整套流程，实现全行资产价值的统一运营和管理。
统一指标报表平台,数据运营,0,宇信科技面向银行、信托、保险、消费金融等行业提供金融统一指标报表平台产品。为了解决金融机构业务口径不统一、指标数据无法共享、各系统间的指标难以整合等一系列问题，同时将管理类数据标准进行梳理和落地，我们推出了基于指标体系、多维模型、分布式计算引擎的统一指标报表产品。统一指标报表产品支持基于多维模型的数据分析、集成Excel和Echarts、可快速搭建企业级报表平台，具有展现形式多样、报表使用灵活、开发响应时效性高、业务口径一致性强、维度口径管理便捷、指标数据可追溯等特点，真正做到了底层数据统一、数据标准统一、业务口径统一， 从根本上将技术数据转化为业务数据、发挥了数据的价值。
智能大屏展示平台,数据运营,0,通过智能大屏展示平台，宇信科技提供自助式BI在线展示和可视化数据大屏制作能力。基于在线组件化设计理念，操作人员通过简单的拖拽、配置就可编排出可视化应用页面(大屏)，无需任何编码、无需投产变更。它可帮助业务或者技术人员，构建直观、美观、快捷的资产负债数据图、交易实时变动图、对公对私存贷款金额等业务数据在线实时直观展示，进而让使用者更加方便地进行数据的个性化管理与使用。
金融风险监控平台,数据运营,0,金融风险监控平台是一款通用的金融风险监测和风险控制产品。该产品基于大数据流式计算和批量计算框架，通过对线上线下交易数据的实时、准实时批量接入，运用智能规则引擎，自主实现对金融风险的事中控制、实时监测、事后分析，进而达到事前防范、事中干预、实时预警、事后监督的全方位风险防控要求。本产品以数据为事件驱动、以规则为场景内容、以引擎为分析工具、以预警为风险线索，消除传统数据分散、控制延迟、手段单一、关联不强等瓶颈，全面建立风险防控传导工作机制，有效提升风险防控能力。
经营决策分析平台,数据运营,0,经营决策分析平台是宇信科技结合银行业数字化转型战略规划，以经营管理视角、业务发展视角、投资管理视角、监管合规视角等多个维度对全行经营数据进行管理和分析，建立符合管理要求的经营全景视图。根据经营管理需要，梳理基础经营管理数据，优化管理数据分层分类，通过建立客户、渠道、产品与定价、规模、盈利、风险管理、运营支撑七大类底层数据主题，健全条线、用途、机构三类数据分析维度，通过主题与维度的组合，实现多维分析目标，为银行经营决策提供数据支撑。
数据开放服务平台,数据中台,0,"数据开放服务平台是将数据能力进行服务化包装，通过多类型服务接入机制，将数据提供给各类业务或者数据应用类系统，实现数据参与业务运营、发挥数据价值。
本平台包括数据服务门户、运营管理门户、服务管控平台。运营管理门户的功能包括产品管理、服务审批、API管理、运营分析等，实现数据服务化、服务API化、API产品化，将服务快速组装、高效对外开放；数据服务门户功能包括服务市场、个人中心、智能搜索、产品订阅、评价反馈、知识库等，将数据服务呈现给数据服务消费方，同时提供服务的订阅申请、反馈、贡献机制，以及快速接入的指导；服务管控平台对访问方系统实现多报文协议适配、流控，服务实时监控告警、部署、灰度路由、统一日志、链路追踪等。"
客户标签管理平台,数据中台,0,宇信科技基于银行业零售转型战略规划，面向数字化营销现实需求，构建全行级客户标签管理平台，为客户画像、客群细分、产品推荐、活动策划、交叉营销、场景营销等提供数据保障与全面支撑。客户标签管理平台提供标签定义、标签生成、标签库管理、标签服务、标签评价等核心功能，覆盖标签全生命周期管理。平台预置金融行业客户标签库，支持多种数据源对接，方便银行快速构建全行的标签服务体系，支撑业务需求，发挥数据价值。
客户行为分析平台,数据中台,0,"客户行为分析平台是宇信科技专门为了解用户在网上银行、手机银行、直销银行等网络渠道银行系统的使用喜好与趋势而设计的系统。客户行为分析平台为银行提供多种详尽的用户行为分析报告，预测用户的使用习惯，帮助银行更为精准的锁定营销目标。本产品能够采集、分析和统计用户在银行网络渠道系统的所有行为数据，这些数据和统计分析可以为银行的CRM和大数据精准营销系统提供基础数据，使得银行能够制定更为精准和有效的市场营销方案。
客户行为分析平台提供日志采集、埋点采集、SDK采集、批量采集等多种采集方式，覆盖多渠道多设备类型；提供行为信息，实现同一客户标识的识别；提供客户标签画像映射、行为路径分析、分析结果推送等功能，实现对客户行为的分析和标签识别，并对识别结果向订阅的渠道进行推送。"
数据模型实验室,数据中台,0,"随着大数据技术的发展和互联网时代的来临，能够精准快速的建立大数据机器学习模型，已经成为金融行业提高自身竞争力和经营效率的核心。数据模型实验室以大数据分布式计算为基础，利用人工智能的方法，从数据特点出发，为客户建立服务于业务场景的“一体化”智能模型平台。为实现对机器学习模型的统一开发、应用和管理，数据模型实验室内置设计大量统计、论证、观察算法，并提供若干模型模板，使模块业务化实现模型快速搭建。同时，数据模型实验室提供模型开发及部署平台，做到开发、部署、监控、维护模型全生命周期环节的可控。并且，应用网页拖拽界面，不依赖繁复冗余的代码，大幅提升建模效率，提供可视化平台和定制化建模服务，使得建模流程清晰明确，易于讲解、演示和维护。
宇信数据模型实验室拥有独立完整的可视化机器学习模型建模能力，支持微服务架构，使模型快速部署的同时，对模型进行实时监控和反馈，不仅增加模型上线速度和客户的业务效率，也满足业务人员及监管部门对于模型运行状况的监察要求。数据模型实验室延续了宇信从客户角度出发，以业务为基础的设计理念，面向金融业务特别是银行业务的预置场景，根据每种业务特点对相应模型的算法进行深度定制，紧贴银行业务和监管要求，提供配置化的建模解决方案，从而使得模型开发能够充分满足客户需求。"
大数据智能决策平台,数据中台,0,宇信科技为提供高效、精准、全面的数据分析和决策能力，以金融科技为支撑、以行业内外数据为基准、以丰富的行业经验为导向、以策略模型为抓手，围绕运营决策、风控决策、评级决策等场景应用，构建大数据智能决策平台。本平台基于流式计算、机器学习等技术，实现毫秒级决策响应，帮助用户实现业务实时决策，并应用在信用卡、新型网贷、传统信贷等多种风控场景中。同时，大数据智能决策平台设立数管中心，完成实时流数据、批量表数据、内外部接口数据的在线管理和加工融合；运用决策流对规则集、评分卡、决策表等组件自主编排组装，实现准入、反欺诈、评分、授信、预警全链路风控能力。
历史数据查询平台,数据中台,0,"历史数据查询平台基于大数据架构对银行各业务及管理系统全量的历史数据进行整合、归档、存储后集中管理，提供在线历史数据分析与离线数据下载相关的功能，并向全渠道提供联机API和页面形式的历史数据查询功能。
历史数据查询平台提供历史数据查询服务，提供服务的形式主要为实时API接口服务数据、自定义WEB页面查询服务及文件批量导出。提供实时API接口服务数据，能够快速在线配置发布稳定高效的历史数据接口服务；提供自定义WEB页面查询服务，能够拖拽式便捷自定义配置查询页面，构建历史数据的在线查询、审计分析、业务查询等；提供历史数据的批量导出服务，用于数据分析、挖掘建模等应用。"
金融数据资产模型产品,数据中台,0,宇信金融数据资产模型产品是面向企业级数据仓库、数据平台、数据中台的逻辑数据模型，采用面向业务主题的方法，用多维模型设计原则为指导，有效组织来源多样的各种业务数据。同时也能全面反映银行复杂的业务规则，支持大量的分析应用。本产品使用统一的逻辑语言描述银行业务，是数据分析的有力支撑；同时还能够很好地保证数据的一致性，是实现业务智能的重要基础。为了满足不同的业务需求，宇信金融数据资产模型实现了高度的抽象化、结构化、模块化。作为基础数据平台设计的基础，数据模型必须在设计过程中保持一个统一的业务定义，比如渠道维定义、客户维定义和分类等。为了使得整个模型的业务定义能够统一，宇信科技结合金融业务的特性做了统一的抽象和定义，使得整个模型能在企业内部保持一致。
外部数据管理平台,数据中台,0,宇信科技的外部数据管理平台致力于帮助银行管好自身业务运营数据之外的数据。随着银行在营销、风控、信贷管理及客户生命周期管理对外部数据的依赖，需要从外部多渠道引入数据，进行多维度客户信息采集、解析、标准化整合等，并实现内外部数据有效融合的信息管理平台。宇信的外部数据管理平台，通过对行内提供统一的外部数据服务能力，实现全行数据的共享与应用，并对海量数据建立集中和统一的管理，为业务经营与分析提供有效的支撑，解决信息不对称、数据获取能力有限等难题。
实时计算平台,数据中台,0,实时计算平台是宇信科技在金融科技创新中，基于ApacheFlink流计算框架构建的全链路实时大数据分析平台。本平台可异步适配多来源、多类型数据，让多源数据汇集融合，并具备批流合一的全栈分析能力，提供可视化作业配置，简化BI场景下数据开发的复杂度。同时，实时计算平台基于大数据生态技术的分布式架构，实现数据分析的高效精准、毫秒延迟，满足数据决策的时效要求，提供多种方式的数据服务接口，服务于各应用场景对流数据的共性需求。宇信可以通过实时计算平台，全面助力企业实时化转型，真正践行金融科技赋能业务发展目标。可支撑应用场景：实时数仓、实时数据平台、实时报表、实时大屏、实时管驾、实时运维分析…
数据开发管理平台,数据中台,0,"数据开发管理平台以“管理赋能数据，数据赋能业务”为目标，依托数据标准、数据字典、数据指标，建设标准企业级数据模型，运用灵活的数据开发方式，为客户提供高质量、便捷的数据开发使用体验，是数据中台体系中实现DataOps的关键产品。
数据开发平台以数据工单的形式实现对数据开发全流程的管理，包括创建数据模型、数据开发，以及对操作内容进行审核和测试环境验证，并在测试环境验证相关数据模型及模型映射。同时在测试通过之后，系统生成待上线的脚本文件，在生产环境将脚本文件上传运行实现最终的数据开发目的。"
智能数据交换平台,数据中台,0,智能数据交换平台致力于对分散建设的应用信息系统进行整合，并通过大数据生态圈的技术来实现信息交换。本平台通过建立中心数据库，整合数据的抽取、集中、加载、展现，为客户构造统一的数据处理和交换，保证各个异构系统分布之间互联互通。同时智能数据交换平台提供若干个应用子系统对信息和数据进行统一的传输及共享，因而提高信息资源的利用率，最终实现信息化建设的基本目标。
企业数据管控平台,数据资产,0,"企业数据管控平台是一款覆盖数据全生命周期的数据管控平台，通过对数据从抽取、创建到消亡的全过程的监控和治理实现对数据的统一管控，保证企业业务数据在采集、集中、转换、存储、应用整个过程中的完整性、准确性、一致性、时效性、安全性，从而帮助客户建立起符合自身特点的数据架构和数据治理体系。
企业数据管控平台是由多个产品组成的一套解决方案，面向实施人员的、智能的、敏捷的数据全生命周期管理应用平台。数据管控平台以元数据管理平台为基础，将数据标准、数据质量、数据资产等系统组合使用。"
数据资产管理平台,数据资产,0,金融数据资产管理平台是宇信科技为了应对金融数据资产化管理的重要大数据平台产品。通过体系化的建设过程，为金融机构提供全面的数据资产管理与数据服务，一站式数据资产管理界面与商品化的数据服务，帮助金融机构客户专注于数据资产的管理与数据服务。通过使用数据资产管理平台，客户可以对金融机构数据资产进行全生命周期的管理，包括不同类型的数据、不同技术平台的数据，对资产进行可视化管理。
元数据管理平台,数据资产,0,"元数据管理平台以CWM标准为基础建立统一的元数据存储模型，并根据该元数据模型统一存储日益增加的企业数据信息，为用户了解、管理海量数据奠定坚实的基础。本产品可以存储、管理来自源系统、BI数据模型、ETL过程、数据集市、报表工具的元数据，贯穿数据在数据源到数据目标加工过程中的各个环节。
元数据管理平台通过提供统一的元数据模型，对元数据进行动态采集和管理，并对元数据进行版本控制，真正实现对多变、动态的数据进行管理。元数据管理平台对数据进行集中管理，认识数据、分析数据、挖掘数据，帮助企业实现数据利用的最终目标。元数据管理平台也提供强大的数据分析功能，通过影响分析、血统分析、表关联度分析功能，结合数据地图帮助企业用户理解数据的加工处理过程，认识数据，提供多个视角分析数据在生命周期中的流转情况，为用户更好的认识数据、分析数据、挖掘数据提供了强有力的工具。"
数据标准管理平台,数据资产,0,"数据标准（DataStandards）是保障内外部使用和交换一致性和准确性的规范性约束。标准管理是规范数据标准制定和实施的一系列活动，是数据资产管理的核心活动之一，对政府和企业提升数据质量、厘清数据构成、打通数据孤岛、加快数据流通、释放数据价值有至关重要的作用。
数据标准通过标准分类确定采集项的分布情况，结合标准属性扩展数据标准采集项。在基础数据标准中，通过当前版本和修订版本，实现版本发布后，修订版本修改数据标准不影响数据标准的当前版本使用。数据标准和元数据关联，除了能建立两者之间的关系，同时可以为数据质量管理做准备。数据标准的生命周期记录从草稿，待发布、已发布、修订、再发布、废止等一系列状态的基础标准生命周期。"
数据质量管理平台,数据资产,0,"数据质量管理平台是一款轻量级的数据质量平台，通过整合数据分析、质量校验、数据清洗、质量监控等多方面特性，以保证数据质量的完整性、一致性、准确性及唯一性。它可帮助企业解决在数据集成过程中遇到的数据质量的相关问题，为企业高效、准确的进行业务分析打下坚实基础。
数据质量管理平台用于对质量规则的配置和根据规则进行数据的校验，通过规则库配置、任务配置、检测记录等操作，能够评估数据质量，产生问题数据，帮助用户快速定位问题、处理问题、提升数据质量。平台主要涵盖数据质量管理过程，包括规则库、检测报告、任务管理、检测记录、配置管理等。"
统一支付平台,支付清算,3,多个支付业务系统的集中整合，降低系统部署和运维成本，减少核心系统和外围系统由于支付系统变化引起的变动，保证核心系统稳定性。采用分布式技术架构，可灵活扩展，支持未来新支付应用系统建设，方便新支付系统和新业务的灵活、快速和高质量开发。
CRM客户关系管理系统,经营管理及数据应用,0,宇信科技CRM系统是一套全面客户管理解决方案，它面向国有、股份制，以及区域性银行市场，解决银行对零售客户、对公客户的全方位管理需求，实现客户的全生命周期管理，包括从潜在客户到贵宾客户的生命旅程规划，在客户的刻画方面实现客户360度视图及标签画像，在客户评价方面实现了基于大数据人工智能算法模型的客户分层及客户分群。本产品可支持银行的客户管理、客户分析、精准营销、主动服务等应用，可支持客户经理全方位管理客户，并移动开展工作。
智能营销中台,经营管理及数据应用,0,宇信科技智能营销中台是一款集成先进营销理念的自动化营销生产力工具。它支持大数据模型精准筛选客群，根据客户资产及偏好精准匹配产品，在恰当的时机、恰当的渠道，采用生动的、引人入胜的方式投放触达客户，并对反馈行径跟踪，实现高效的营销管理。
绩效管理平台,经营管理及数据应用,0,宇信科技绩效管理平台是融合了先进绩效管理理论，对银行各级机构与员工进行业绩采集、计算加工、统计汇总的一套运营管理工具系统。它支持灵活的绩效考评方案制定、复杂的业绩拆分与认定、奖费到人的精细核算体系，是银行各级机构对员工管理与激励的有利支撑工具。
经营分析平台,经营管理及数据应用,0,"以精细化、专业化管理为核心思想，以价值分析与运营为目标，构建覆盖全业务条线、业务全生命周期、全竞争分析、原因动因分析的经营分析平台。
以统一指标为基础，实现指标的全口径（核算口径、考核口径、分析口径）分析；以动因分析、专业分析为工具，实现原因的深层分析；以可视化图形、报表、H5等为表现形式，实现对不同层级管理者、经营者、分析者的决策支持。"
网点管理平台,经营管理及数据应用,0,"以银行网点的事前、事中、事后管理为主线，以精细化、专业化为核心理念，以网点价值评估为依据，构建网点的全生命周期管理平台。
包含网点的规划管理、选址管理、评级管理、业绩评估、价值评估、业绩比拼等。"
财富管理平台,经营管理及数据应用,0,"私人财富管理是银行零售转型关注的焦点，宇信以财富管理为核心，围绕财富管理的体系建设、业务流程建设、资产配置模型、服务场景及标准建设、私人银行队伍体系打造，构建完整的财富管理平台。
该平台以国际化的财富管理理论为指导，融合行业先进的实践经验，形成完整的私人银行财富管理体系。"
培训管理平台,经营管理及数据应用,0,"随着网络信息技术的飞速发展，人力资源的挖掘与培养也正如同其他领域一样，正面临着大数据浪潮的冲击。在传统的培训管理模式基础上加入数据化管理理念，使教育培训工作以全新的格局和技术来改善其流程体系及支撑体系，进而低成本、高效率地做好培训及管理工作已是教育培训行业大势所趋。
该平台突破传统教育培训受时空掣肘的藩篱，构建全天候、无地限的新型教育培训模式；缩短教育培训链条，让专对专受训成为新常态；搭建起多层次、高水平、内容丰富的专业化网络自主学习平台。"
综合积分权益管理平台,经营管理及数据应用,0,"作为提升客户忠诚度的重要手段之一，积分广泛应用于各行业。在商业银行，积分最早应用于信用卡领域，但信用卡积分存在客户范围较小、积分业务种类较窄、积分应用项目较少等问题，客户认同感不强。随着业务发展的需要，商业银行急需扩大积分的客户范围、业务种类及应用项目，建立新型综合积分服务体系。
该平台为银行构建全行统一的积分权益管理平台，覆盖积分的产生、兑换、消费、清算全流程，并扩展到积分联盟与营销平台，成为银行大零售转型的重要组成部分。"
投诉管理平台,经营管理及数据应用,0,"客户投诉管理是服务管理的重点。随着监管的趋严，客户投诉成为监管重点，且客户投诉一旦处理不好，也会给企业带来巨大的声誉风险。
该系统借鉴先进行业经验，做到投诉过程全留痕，投诉记录与报表完全满足监管要求。系统采用先进的微服务架构，实现投诉流程的灵活定义，并建立了完整的投诉运营及管理监控体系，实现投诉的全生命周期管理。"
统一指标管理平台,经营管理及数据应用,0,"指标是银行实现经营分析、绩效考核、价值评价、量化管理的重要基础。统一的指标体系一直是银行面临的难题，关键在于全行业务层面的指标统一定义与管理。
该平台借鉴先进银行实践经验，全面覆盖所有业务条线，为银行构建全行统一的指标管理平台，覆盖指标的定义、规则、计算引擎及统一分类，为实现基于指标基础上的各类应用奠定了基础。"
标签管理平台,经营管理及数据应用,0,"客户洞察从标签开始，客户标签实现了对客户的多层次、多维度、精细化画像。标签已经成为客户洞察的最重要手段。
该系统借鉴先进银行实践经验，采用先进算法模型，为银行构建完整的标签管理平台，涵盖标签规则、标签生命周期管理、标签权限管理，实现标签分类、按权限共享的标签管理体系。"
统一监管平台,监管合规,0,基于20年服务金融行业的积累，宇信推出了自己的统一监管报送平台，满足金融机构对指标类和明细类报送的要求，实现各类监管报送的统一平台、统一数据、统一管理，支持各类新增监管报送的扩展，同时通过建设统一监管集中管理平台，减小后续的软硬件投资和优化作业流程，实现监管报送的集中管理。统一监管报送平台不仅仅是帮助客户建立一套监管报送系统，还能实现改善监管报送流程、提升报表自动化程度与报表质量、实现业务人员自主使用业务数据的业务目标。
1104非现场监管报送系统,监管合规,0,"宇信科技提供的1104非现场监管报送系统，依托于统一监管平台，按照统一监管的理念，构建统一指标体系，既满足银监会1104非现场监管报送，又满足其他监管报送，实现了各类监管报送在相同报送指标下的统计口径一致，保证跨监管报送的数据一致性。
产品支持Excel的方式进行监管报表表样的配置，支持表内逻辑校验、表间逻辑校验、总分校验、零值校验、预警校验等报表数据校验，产品内置监管制度发文中的各类校验，也可以增加自定义校验配置。产品集成了Activity工作流引擎，可提供灵活的报表填报审核流程配置，支持按照部门条线的处理流程配置，简单易用。产品按照银监会报表数据接口规范，支持生成Excel报表和XML报文，全面满足报送要求。"
金融统计大集中报送系统,监管合规,0,"宇信科技提供的人行金融统计大集中报送系统，依托于统一监管平台，按照统一监管的理念，构建统一指标体系，既满足人行金融统计大集中报送，又满足其他监管报送，实现了各类监管报送在相同报送指标下的统计口径一致，保证跨监管报送的数据一致性。
产品支持Excel的方式进行监管报表表样的配置，支持表内逻辑校验、表间逻辑校验、总分校验、零值校验、预警校验等报表数据校验，产品内置监管制度发文中的各类校验，也可以增加自定义校验配置。产品集成了Activity工作流引擎，可提供灵活的报表填报审核流程配置，支持按照部门条线的处理流程配置，简单易用。产品按照人行报文数据接口规范，生成XML报文，保证报文正确报送。"
外汇局报送系统,监管合规,0,"为积极推进“数字外管”建设，提升数据共享服务能力，助推外汇管理改革与发展，实现外汇业务数据统一采集和部分业务数据反馈，进一步规范金融机构各类外汇业务数据采集接口，国家外汇管理局下发《金融机构外汇业务数据采集规范（1.2版）》。
  宇信科技凭借多年对监管业务专注及成熟的技术背景，研发出符合本次规范的外汇报送系统，依托于统一监管平台搭建外汇局报送系统，主要包括：国际收支（BOP）、外汇账户（ACC）、外汇账户内结售汇数据（JSH）、资本项目(CFA)、自身外债（EXD）、对外金融资产负债（FAL）、机构外币现钞存取（CWD），银行卡境外提现（CRD）、银行卡境外消费（CRX）九个报表模块。为了更好的保证报送灵活性，提供手动报送和自动报送两种方式，上报过程数据全方位跟踪，能够让客户时刻掌握报送数据动向。"
EAST4.0报送系统,监管合规,0,"宇信科技EAST4.0报送产品，全面满足《银保监办发﹝2019〕198号》中监管数据报送标准，同时，通过产品提供的检核结果的分析功能，既保证报送数据的质量，又为客户进行行内数据治理提供了有力支撑。产品提供报表配置功能，支持生产态的配置变更，能够新增统计报表和变更报表数据项、维护报表数据项校验配置，易于扩展。
产品基于Spark研发的明细数据的校验引擎，支持100亿级明细数据校验，通过节点的横向扩展，可以保证更大数量级的校验性能。产品支持空值、取值范围、格式、表内逻辑、表间逻辑、总分核对、跨监管一致性、记录数校验共计八类校验，覆盖监管的全部数据校验要求。"
客户风险统计报送系统,监管合规,0,宇信科技客户风险统计报送系统，全面满足《中国银监会关于实行新版客户风险统计制度的通知》（银监发〔2012〕39号）等监管要求，帮助金融机构客户准确、及时提交四张对公客户报表和两张个人客户报表，处理银监会反馈问题，对数据报送质量进行分析评价，全面支持客户风险统计管理工作。
个人二代征信报送系统,监管合规,0,"2018年06月29日，人民银行征信中心下发了二代征信系统接口规范。2019年9月2日，互联网金融风险专项整治工作领导小组、网贷风险专项整治工作领导小组联合发布《关于加强P2P网贷领域征信体系建设的通知》，支持在营 P2P 网贷机构接入征信系统。
宇信科技针对人行最新发布的二代征信系统接口规范，设计开发个人二代征信报送系统，帮助金融机构准确、及时的将个人信贷业务数据报送至人民银行征信中心。个人二代征信报送包括个人基本信息、个人借贷交易、个人担保信息三类业务数据。"
企业二代征信报送系统,监管合规,0,"2018年06月29日，人民银行征信中心下发了二代征信系统接口规范。2019年9月2日，互联网金融风险专项整治工作领导小组、网贷风险专项整治工作领导小组联合发布《关于加强P2P网贷领域征信体系建设的通知》，支持在营 P2P 网贷机构接入征信系统。
宇信科技针对人行最新发布的二代征信系统接口规范，设计开发企业二代征信报送系统，帮助金融机构准确、及时的将企业信贷业务数据报送至人民银行征信中心。企业二代征信报送包括企业基本信息、企业借贷交易信息、企业担保信息、企业授信协议信息、抵（质）押合同五类业务数据。"
PISA报送系统,监管合规,0,"宇信科技提供的人行支付信息统计报送系统，依托于统一监管平台，按照统一监管的理念，构建统一指标体系，既满足人行支付信息统计数据报送，又满足其他监管报送，实现了各类监管报送在相同报送指标下的统计口径一致，保证跨监管报送的数据一致性。
产品支持Excel的方式进行监管报表表样的配置，支持表内逻辑校验、表间逻辑校验、总分校验、零值校验、预警校验等报表数据校验，产品内置监管制度发文中的各类校验，也可以增加自定义校验配置。产品集成了Activity工作流引擎，可提供灵活的报表填报审核流程配置，支持按照部门条线的处理流程配置，简单易用。"
利率监测报送系统,监管合规,0,"宇信科技提供的人行利率监测报送系统，依托于统一监管平台，按照统一监管的理念，构建统一指标体系，既满足人行利率监测报送，又满足其他监管报送，实现了各类监管报送在相同报送指标下的统计口径一致，保证跨监管报送的数据一致性。
产品支持Excel的方式进行监管报表表样的配置，支持表内逻辑校验、表间逻辑校验、总分校验、零值校验、预警校验等报表数据校验，产品内置监管制度发文中的各类校验，也可以增加自定义校验配置。产品集成了Activity工作流引擎，可提供灵活的报表填报审核流程配置，支持按照部门条线的处理流程配置，简单易用。"
支付结算合规监管报送系统,监管合规,0,宇信科技提供的人行支付结算合规监管数据报送系统，全面满足《银发﹝2019〕198号》中支付结算合规监管数据接口规范，按照统一管理的原则，提供数据校验、补录，进度监控，报送文件生成，报表生成等功能，帮助金融机构降低人工干预程度，大幅提高工作效率及质量。
非居民金融账户涉税信息报送系统,监管合规,0,宇信科技提供的非居民金融金融账户涉税信息报送系统，全面满足《银行业存款类金融机构非居民金融账户涉税信息报送接口规范》的监管报送要求，帮助金融机构客户准确、及时提交报文数据，履行国家税务总局、财政部、中国人民银行、银监会、证监会以及保监会共同发布《非居民金融账户涉税信息尽职调查管理办法》相关职责要求。
关联交易产品,监管合规,0,"2019年7月，银保监会上线关联交易监管系统，要求银行保险机构通过关联交易监管系统进行关联交易相关数据报送。2022年1月，银保监会《银行保险机构关联交易管理办法》正式发布，对银行保险机构的关联交易管理要求进行了进一步的调整和升级。

宇信科技关联方及关联交易管理系统针对银保监会最新的关联交易管理及报送要求进行研发，致力于解决银行保险机构关联交易管理难点，主要包括业务规则管理、关联自然人管理、关联法人管理、关联方名单制作发布、关联交易数据统计、关联交易业务查询、关联交易监管报送、制度文件管理等核心功能模块。

宇信科技关联方及关联交易管理系统通过业务规则动态配置、关联方性质自动计算、疑似关联方智能识别、关联图谱自动整合等技术手段，实现关联方、关联交易的智能化管理，为银行保险机构打造集关联交易业务管理及监管报送功能为一体的关联交易管理平台。

截至目前，该产品已支持股份制商业银行、大型城商行、信托公司等银行及非银行机构的多个关联交易管理系统项目落地。"
风险偏好及限额管理系统,全面风险管理体系,0,建设符合银保监会风险管理指引和本行内部风险控制制度以及相应的风险偏好的容忍度指标体系，旨在跨风险类型、跨业务条线、跨机构实现全面风险指标信息整合，满足银行各层级风险管理人员的风险信息展现与风险监控的需求。容忍度指标体系包括：总体风险指标、信用风险指标、市场风险指标、流动性风险指标、操作风险、声誉风险和集中度风险，指标展现形式直观，透过建立历史数据，突出趋势分析。
组合压力测试系统,全面风险管理体系,0,按照监管指引或银行内部风险管理的要求，基于银行业务数据和风险计量结果进行单一风险或组合风险的压力测试，包括信用风险、市场风险、操作风险、流动性风险、集中度风险等各类风险。压测的内容包括客户评级、资本需求及供给、资本充足率、市场风险指标、客户行为、流动性指标、银行账簿利率风险指标等。压力测试的维度包括机构、区域、行业、企业规模等。
风险加权资产计量系统,资本管理体系,0,系统通过完成风险加权资产计量平台的建设，将银行现有数据基础转换成合规数据集，完成资本充足率计算，生成监管要求的各类报表和分析功能，并可以在此基础上实现资本管理的计量与监测工作，构造满足监管要求的各类应用能力（如回溯审计、模拟测试等），配合银行的合规达标时间表，为监管达标提供各类数据和应用支撑，并且保证运行系统的高性能、高可用性、可维护性、易用性、安全性、可扩展性等技术特征。
资本管理系统,资本管理体系,0,基于银监会对商业银行实施新资本协议的要求，实现了资本管理相关工具的系统落地，包括经济资本计量、资本规划、资本配置及资本监测。资本规划通过输入资本充足率目标、业务经营计划、资本工具等基础信息，预测未来三至五年可用资本以及资本需求。资本配置是银行将稀缺的资本进行合理分配的过程。资本监测包括对内部资本充足率的监测与对资本日常管理的监测，建立动态监控体系以及预警机制，定期监测资本水平及资本充足情况的变化，结合资本充足性监控的结果及早进行预警，根据需要及时采取纠正措施。
大额风险暴露系统,资本管理体系,0,大额风险管理暴露体系涉及银行的全部资产类业务，对于银行的信用风险管理，市场风险管理从客户集中度风险的层面提出了管理和计量要求。本产品按照大额风险暴露监管指引的计量要求，归集银行客户和账户相关数据，进行风险暴露划分，缓释合格认定及分配，关联客户识别等流程有效识别、计量、监测和防控大额风险，支持与统一授信相关系统建设实时接口，满足银行对客户集中度的授信管理要求。
资产负债数据分析平台,资产负债体系,0,宇信科技资产负债分析平台通过对资产负债管理相关系统数据接口进行重构、整合和拆分，并进行全面标准化整合，深入挖掘业务属性，增加数据维度信息，面向不同资产负债模块进行主题建设，搭建数据完整、层次合理、时效性强、可追溯历史的数据集市。前端通过多维度报表与数据分析工具，实现报表的灵活应用与友好展现。
资产负债管理系统,资产负债体系,0,宇信科技资产负债管理产品，从银行或泛金融机构资产负债表出发，结合行内经营管理和外部监管要求，通过模拟未来利率变化、汇率变化、资产负债结构组合变化，预测未来任意时段的资产负债变化情况、净利息收入变化情况，通过对各种不同业务情景的预测、模拟，以及结果的对比分析，从而评估不同业务情景对流动性、利率风险的影响，以满足外部监管要求（流动性风险管理、市场风险管理），同时为内部经营管理提供辅助决策支持，为合理化的资产负债结构配置以及净利息预测提供支持。
流动性风险管理系统,资产负债体系,0,宇信科技流动性风险管理系统，通过流动性缺口分析、流动性风险限额管理、优质流动性资产管理、应急计划、最短生存期、流动性压力测试、统计分析建模等工具帮助金融企业准确计量、监测、控制和缓释流动性风险，满足监管要求，出具各种指标报告，实现无论在正常经营环境中还是压力状态下都有充足的资金应对资产的增长和到期债务的支付。
资金头寸管理系统,资产负债体系,0,宇信科技资金头寸管理通过监测当前的头寸水平和影响头寸变化的因素，实现大额头寸预报电子化、头寸匡算自动化、调拨及审批流程电子化；在保障支付的前提下，提高资金盈利效率。实现资金业务到期情况查询、历史资金交易查询、货币台资金交易查询、超备波动趋势图、历史超备情况表、分行头寸预报误差情况表、总行头寸预报误差情况表、全行头寸预报误差情况表等。
内部资金转移定价系统,资产负债体系,0,资产转移定价系统即商业银行内部资金中心与业务经营单元按照一定规则全额有偿转移资金，即向资金使用部门收取利息并向资金提供部门支付利息的一种内部定价机制。宇信科技内部资金转移定价产品协助金融企业适应利率市场化下，以内部资金定价为手段，建立公正的与市场接轨的内部价格体系、资金司库运作模式和业务定价模型，准确切割利差，为银行精细化管理和绩效考核奠定坚实的基础，最终实现做到全口径资金收益与成本收益测算、多维度盈利分析与考核、集中流动性风险和利率风险管理的作用。
外部利率定价系统,资产负债体系,0,为加强商业银行利率定价管理，规范利率定价行为，适应利率市场化定价方式，提高经营效益，强化财务约束，实现科学合理定价，宇信科技外部利率定价产品旨在提高金融企业适应瞬息万变的利率市场能力，帮助金融企业建立以客户价值为核心，综合考虑各项成本，灵活定价的管理体系，提升商业银行的利率定价水平，满足外部定价监管要求，同时解决高管层、计财部、前台经营部门对价格的分项控制。
统一前端平台,技术平台产品,0,统一前端平台（YUFP，全称：Yusys Unified Front-end Platform），基于前后端分离架构设计的专业化前端平台，提供各种丰富的Web端、Pad端和手机端技术组件、业务组件和业务模板，基于可视化的建模工具快速完成业务建模，并自动转化为应用代码，快速生成各种前端页面。
统一微服务平台,技术平台产品,0,统一微服务平台是面向企业的微服务架构基础开发平台，提供的基础框架、内置的多渠道支持、丰富的基础组件库、强大的开发工具及运维工具，可为企业快速构建微服务架构的应用，简化应用开发、治理、部署、运维等业务落地的关键过程，助力企业解决传统集中式架构转型的困难，实现企业的业务、产品快速交付。
统一移动平台,技术平台产品,0,"宇信科技统一移动平台(YUMP）集“App开发、测试、运营及运维”为一体，提供一站式、覆盖全生命周期的企业级移动解决方案，能有效降低技术门槛、减少研发成本、提升开发效率，协助企业快速搭建稳定高质量的移动应用。统一移动平台包含六大模块：
1、H5框架，提供了对App、公众号、小程序多端发布的支持;2、外壳容器，采用Hybrid混合架构，包含原生功能及SDK组件;3、移动网关，负责App 接入及智能路由;4、移动管理平台，负责应用管理、发布管理(灰度、热更新)、统计分析（日志和行为)、消息推送接入、安全控制和设备管理;5、开发平台，提供可视化设计、自动化打包、真机调试等功能;6、业务中台，提供接入业务应用服务能力，如手机银行、移动营销、移动OA等。"
企业服务总线,技术平台产品,0,企业服务总线平台基于SOA的开放式架构，支持异构系统的连接与服务集成。其中，安全平台具有身份验证、通讯加/解密及安全部署与审计等功能;服务发布和管理平台可对服务的发现、开发、测试、部署、运营的生命周期进行统一管理;服务治理平台提供服务的优化、创新、实现端到端的业务整合处理能力;企业服务总线审计平台提供服务运行质量统计、分析功能。
通讯前置平台,技术平台产品,0,通讯前置平台BSP着力于解决企业应用开发中的通讯、报文协议转换、智能路由、业务流程编排和批量文件业务处理，内置大量专业化的通信、报文、安全组件，图形化的开发模式。稳定高效的性能表现最大程度解放实施人员对于技术细节问题的了解，使之更加关注于业务需求和业务设计，全面保证项目及时、高效的按质完成。
工作流引擎,技术工具产品,0,"Echain工作流引擎致力于解决所有审批相关的线上活动。
应用场景：
公文审批类：信贷审批、电子公文审批处理、督办查办、报价处理、采购处理、合同审核等；
行政管理类：出差申请、加班申请、请假申请、用车申请、各种办公工具申请等； 
人事管理类：员工培训安排、绩效考评、职位变动处理、员工档案信息管理等；
财务相关类：付款请求、应收款处理、日常、差旅、娱乐报销、预算和计划申请等。"
规则引擎,技术工具产品,0,"规则引擎Shuffle是宇信科技自主研发的一款业务规则运营管理产品，它由推理引擎发展而来，实现了将业务规则从应用程序代码中分离出来，以满足频繁变化的业务规则需求。规则引擎Shuffle特别适用于审批辅助决策，如贷款申请中的承保、信用卡申请、贷款发放中的财务决策、授信政策合规性检查、客户信用评级、金融反欺诈、保险投保自核规则、预授信评分等业务场景。
规则引擎Shuffle可通过提供基于Web的图形化规则开发工具、剥离业务决策等手段，来拉近业务与技术间的距离，使非技术人员可以独立完成规则的创建、变更、测试及上线。从而业务系统能更加从容地应对逻辑复杂、经常反复变化、又对投放准备周期短的业务需求。"
企业统一调度平台,技术工具产品,0,"企业统一调度平台（USE：Unified Scheduling for Enterprise）是宇信科技集在任务调度领域多年的实施经验而开发的一款面向企业级应用的调度产品。它的目标除了在企业内满足各类应用系统的调度需求之外，还可以简化和管理不同的应用系统间上下游依赖关系，统一协调不同应用系统的任务执行，实现各类应用系统的集中调度、集中管理、集中部署、集中监控和集中报警。
目前，该产品已经有上百家用户，在各类金融及其它行业的企业中得到了广泛的应用。"
影像平台系统,技术工具产品,0,影像平台系统以金融影像应用为主要目标，为信贷系统、车贷系统、评级授信系统、会计核算系统、验印系统和档案管理等系统提供集中的、完整的电子影像采集、影像处理、影像传输、影像分类管理和数据生命周期管理功能。影像平台系统采用了数据分层模式设计，优化数据传输和数据存储管理，支持多种类型的存储设备同时在线工作，支持分布式部署，为客户企业应用系统提供高效的性能和良好的扩展能力。
云服务器,计算资源,0,宇信金融云服务器是基于宇信多年积累的虚拟化、分布式集群等技术构建的云端计算服务。云服务器支持弹性伸缩，分钟级丰富灵活的计费模式，搭配镜像、快照、云安全等增值服务，为您提供超高性价比的高性能云服务器。
物理服务器,计算资源,0,物理服务器是宇信金融云环境中独享的高性能物理服务器，用户拥有完全的物理设备管理权限，并可以与云服务器内网互通，轻松构建内网混合云。物理服务器在云环境中提供了高性能的物理裸机，同时提供完全的设备管理权限和全生命周期的运维管理服务。用户可以像申请云资源一样快速灵活的申请并管理这些物理机，也可以基于物理服务器与云服务器BCC构建内网混合云；同时搭载智能网卡的BBC网络卸载与虚机同子网解决网络异构相关隐患，大大提升产品稳定性。
计算资源弹性伸缩,计算资源,0,通过定义伸缩规则实现在计划时间点或者云资源监控指标变化时，自动创建或者释放一定数量的云服务器实例，从而在业务量突然上升时提供充足的计算能力，在业务量降低时及时释放资源以节约成本。弹性伸缩同时还提供了移除异常创建的实例、自动关联负载均衡等能力，有效帮助您更好管理云资源，最大化降低人力运维成本。
安全评估服务,云合规服务,0,通过安全评估服务对企业资产进行全方位盘点，是企业信息安全合规化的基础。安全评估服务同时提供脆弱性评估，可以以资产为核心，对每一项需要保护的资产可能被利用的风险点的严重程度进行评估。从物理、网络、系统及应用层面进行研判。同时，对于企业已经采购的安全产品有效性进行确认，对有效的安全措施予以保持，同时避免安全资源浪费和重复使用，节约企业安全成本，提高企业安全整体素质。
渗透测试服务,云合规服务,0,渗透测试服务依托宇信金融云多年的安全积累，在用户授权下，模拟黑客的入侵思路与技术手段，采用可控、非破坏性质的方法和手段对系统进行深入的安全检测，及时发现系统存在的风险威胁与漏洞，协助管理者第一时间发现和修复系统存在的风险与漏洞。
应急响应服务,云合规服务,0,当客户发生黑客入侵、DDoS、数据窃取、木马病毒等事件时，宇信金融云提供包括抑制止损、事件分析、业务损失评估、系统加固、事件溯源的应急响应服务，降低安全事件对企业自身的影响与损失。
代码审计服务,云合规服务,0,代码审计服务是通过分析当前应用系统的源代码，从安全的角度对代码进行的安全测试评估。在熟悉业务系统的情况下，从应用系统结构方面检查其各模块和功能之间的关联、权限验证等内容；从安全性方面检查其脆弱性和缺陷。结合丰富的安全知识、编程经验、测试技术，利用静态分析和人工审核的方法寻找代码在架构和编码上的安全缺陷，在代码形成软件产品之前将业务软件的安全风险降到最低。
弹性公网IP EIP,网络资源,0,弹性公网IP EIP（Elastic IP）作为一个独立商品为用户提供公网带宽服务，用户可以将EIP实例与云服务器、负载均衡、NAT网关、VPN网关等实例绑定或解绑，为用户访问公网提供IP地址和公网带宽，做到灵活匹配业务变更，增加用户使用弹性。EIP实例提供一个单独公网IP和一份带宽，为用户访问公网提供服务。
负载均衡,网络资源,0,负载均衡服务可以将来自互联网或内网的流量分发至多台后端服务器，实现业务系统的水平扩展，提升服务能力，并通过健康检查剔除不可用的主机，提升业务系统可用性。此外还可以避免单点故障，提高业务可用性。
专线服务,网络资源,0,专线服务为客户提供IDC与宇信金融云快速、可靠的连接方式。宇信金融云专线服务分为物理专线和专线网关两个组成部分。用户可在物理专线上划分多个专线通道作为虚拟链路资源。专线网关由用户在其VPC中创建并维护，用户将专线通道绑定在指定专线网关上，并配置两端路由最终实现流量互通。
云监控服务,云安全服务,0,"云监控是一款依托于宇信金融云的监控产品，包括了云服务监控、事件监控、应用监控、站点监控、自定义监控、报警管理、指标查看、仪表盘等主要功能，为宇信金融云用户提供全面、可靠、及时的监控服务，为您的系统保驾护航。
主要应用场景是：1、搭建监控体系：业务上云，快速构建监控体系。可通过云监控管理控制台查看云产品监控指标的监控数据和配置报警策略。帮助客户快速的构建一个立体化监控平台，无需自建监控体系，节约企业人力和资金成本。2、日常巡检：实时掌握云产品运行状态，减轻日常巡检压力，云监控为客户提供了“指标查看”和“仪表盘”两种监控数据查看的功能，客户可以根据自己业务大小，灵活的选择监控数据查看方式。业务复杂的场景，可以通过仪表盘自行创建运维大盘，满足您实时盯屏可视化的需求。"
DDoS防护,云安全服务,0,DDoS防护服务是保护用户云上或云外的业务资产免受DDoS攻击的困扰。DDoS防护服务为云上客户提供5Gb的免费DDoS防护能力。当业务遭受超过5Gb的DDoS攻击时，可以将攻击流量引向高防中心，进行清洗后再返回源站，确保源站的稳定正常运行。可提供基于多种协议字段的畸形数据包过滤，以及各种协议探测型攻击。可有效抵御SYN flood攻击、ACK flood攻击、FIN/RST flood攻击、UDP flood攻击、 ICMP flood、 TCP连接耗尽攻击、 HTTP  get/post flood攻击、CC 攻击、HTTP slow header/post攻击等。提供多项数据报表，从流量、数据报文等多个维度全面诠释攻击情况。
应用防火墙 WAF,云安全服务,0,Web应用防火墙（Web Application Firewall，简称WAF）服务是宇信金融云面向用户推出的专业应用安全防护系统，有效防御SQL注入、XSS跨站脚本、后门上传、非授权访问等各种常见Web攻击。它能够有效防护各种Web攻击，协助用户定制访问规则，提升网站等业务的安全。独创的全新WAF技术架构体系，能够将WAF实例灵活部署在各个Web业务入口，避免了传统云WAF架构下黑客绕过代理直攻源站的尴尬。云端安全大数据能力的集成也让WAF能更有效更快捷的帮助客户提升网站安全性与可用性。
安全检测服务,云安全服务,0,"安全检测服务（Security Risk Detection，简称SRD）是宇信金融云面向用户提供的安全风险检测服务，能够检测出SQL注入、XSS跨站脚本等多种常见Web漏洞，也能检测出系统软件中存在的安全漏洞。
安全检测服务可以帮助用户快速的发现业务系统中存在的问题，及时修复，提升业务安全性和稳定性。它能够检测常见Web漏洞，快速准确发现Web业务中的SQL注入、XSS跨站、信息泄漏等各种常见Web安全漏洞。对高危Dday漏洞极速更新，宇信金融云安全运营专家会第一时间获取各种Dday漏洞信息，及时更新检测规则策略，极速提醒客户，降低Dday漏洞攻击带来的影响。"
数据库审计,云安全服务,0,为客户提供SSL证书申请和维护服务，提供可信的服务器验证、数据传输加密服务，双重加密算法，更有百度生态服务加持，可一键部署证书到BLB、CDN、BCH等产品，轻松获得可靠、安全的HTTPS服务。
SSL证书服务,云安全服务,0,提供安全、稳定、实时的数据库审计服务，将数据库面临的注入威胁、风险语句多维度的展示给数据库管理员，并生成审计报告，满足合规性审计需求。
