,姓名,现工作单位及职务,性别,民族,籍贯,出生年月,参加工作时间,任现职务时间,任现职级时间,入党时间,全日制学历学位,全日制毕业院校及专业,在职学历学位,在职毕业院校及专业,任二主时间,退休时间,年龄
0,周军,二级调研员,女,汉,四川成都,1979-04-01,2018-02-01,2021.05,2021-05-01,1997.02,大学法学学生,xx学院xx专业,大学,xx大学xx专业,,2039-03-31,44.0
1,戚军,二级主任科员,男,汉,四川成都,1972-06-01,2006-08-01,2022.03,2022-03-01,1997.02,大学法学学生,xx学院xx专业,大学,xx大学xx专业,,2032-05-31,50.0
2,计毅,二级调研员,女,汉,四川成都,1963-02-01,1992-11-01,1994.08,1994-08-01,1997.02,大学法学学生,xx学院xx专业,大学,xx大学xx专业,,2023-01-31,60.0
3,唐强,三级调研员,男,汉,四川成都,1958-03-01,1984-01-01,1988.01,1988-01-01,1997.02,大学法学学生,xx学院xx专业,大学,xx大学xx专业,,2018-02-28,65.0
4,彭军,三级主任科员,男,汉,四川成都,1997-02-01,2020-11-01,2022.01,2022-01-01,1997.02,大学法学学生,xx学院xx专业,大学,xx大学xx专业,,2057-01-31,26.0
5,章健,二级科员,女,汉,四川成都,1991-09-01,2013-11-01,2017.02,2017-02-01,1997.02,大学法学学生,xx学院xx专业,大学,xx大学xx专业,,2051-08-31,31.0
6,酆峰,一级科员,男,汉,四川成都,1977-03-01,1999-05-01,2004.05,2004-05-01,1997.02,大学法学学生,xx学院xx专业,大学,xx大学xx专业,,2037-02-28,46.0
7,孙伟,二级调研员,男,汉,四川成都,1957-03-01,1987-04-01,1997.11,1997-11-01,1997.02,大学法学学生,xx学院xx专业,大学,xx大学xx专业,,2017-02-28,66.0
8,舒刚,四级主任科员,男,汉,四川成都,1967-04-01,1998-06-01,2000.04,2000-04-01,1997.02,大学法学学生,xx学院xx专业,大学,xx大学xx专业,,2027-03-31,56.0
9,韩健,副处长,男,汉,四川成都,1965-08-01,2007-10-01,2009.01,2009-01-01,1997.02,大学法学学生,xx学院xx专业,大学,xx大学xx专业,,2025-07-31,57.0
10,苏健,一级主任科员,男,汉,四川成都,1988-12-01,2017-08-01,2019.06,2019-06-01,1997.02,大学法学学生,xx学院xx专业,大学,xx大学xx专业,,2048-11-30,34.0
11,常勇,副处长,女,汉,四川成都,1997-02-01,2020-02-01,2022.05,2022-05-01,1997.02,大学法学学生,xx学院xx专业,大学,xx大学xx专业,,2057-01-31,26.0
12,郝俊,二级调研员,男,汉,四川成都,1973-07-01,1996-02-01,1998.02,1998-02-01,1997.02,大学法学学生,xx学院xx专业,大学,xx大学xx专业,,2033-06-30,49.0
13,乐强,三级主任科员,女,汉,四川成都,1968-12-01,1997-07-01,2019.04,2019-04-01,1997.02,大学法学学生,xx学院xx专业,大学,xx大学xx专业,,2028-11-30,54.0
14,郑刚,二级调研员,女,汉,四川成都,1966-12-01,2020-10-01,2022.09,2022-09-01,1997.02,大学法学学生,xx学院xx专业,大学,xx大学xx专业,,2026-11-30,56.0
15,米伟,三级调研员,女,汉,四川成都,1974-07-01,2008-11-01,2021.02,2021-02-01,1997.02,大学法学学生,xx学院xx专业,大学,xx大学xx专业,,2034-06-30,48.0
16,贝杰,四级调研员,男,汉,四川成都,1957-10-01,2005-08-01,2011.02,2011-02-01,1997.02,大学法学学生,xx学院xx专业,大学,xx大学xx专业,,2017-09-30,65.0
17,时军,一级科员,男,汉,四川成都,1997-09-01,2019-12-01,2021.02,2021-02-01,1997.02,大学法学学生,xx学院xx专业,大学,xx大学xx专业,,2057-08-31,25.0
18,鲁健,四级调研员,女,汉,四川成都,1973-08-01,2007-09-01,2013.1,2013-10-01,1997.02,大学法学学生,xx学院xx专业,大学,xx大学xx专业,,2033-07-31,49.0
19,秦伟,二级调研员,男,汉,四川成都,1973-04-01,2017-11-01,2020.08,2020-08-01,1997.02,大学法学学生,xx学院xx专业,大学,xx大学xx专业,,2033-03-31,50.0
20,水勇,三级调研员,男,汉,四川成都,1965-06-01,2010-10-01,2016.04,2016-04-01,1997.02,大学法学学生,xx学院xx专业,大学,xx大学xx专业,,2025-05-31,57.0
21,陶强,二级主任科员,女,汉,四川成都,1997-11-01,2017-09-01,2019.12,2019-12-01,1997.02,大学法学学生,xx学院xx专业,大学,xx大学xx专业,,2057-10-31,25.0
22,蒋刚,三级调研员,女,汉,四川成都,1984-10-01,2013-09-01,2021.08,2021-08-01,1997.02,大学法学学生,xx学院xx专业,大学,xx大学xx专业,,2044-09-30,38.0
23,滕军,一级主任科员,男,汉,四川成都,1958-07-01,1982-02-01,2007.07,2007-07-01,1997.02,大学法学学生,xx学院xx专业,大学,xx大学xx专业,,2018-06-30,64.0
24,和刚,三级主任科员,男,汉,四川成都,1970-02-01,2004-12-01,2006.03,2006-03-01,1997.02,大学法学学生,xx学院xx专业,大学,xx大学xx专业,,2030-01-31,53.0
25,汤峰,四级调研员,女,汉,四川成都,1985-08-01,2017-01-01,2022.03,2022-03-01,1997.02,大学法学学生,xx学院xx专业,大学,xx大学xx专业,,2045-07-31,37.0
26,朱伟,一级科员,女,汉,四川成都,1992-12-01,2018-08-01,2020.04,2020-04-01,1997.02,大学法学学生,xx学院xx专业,大学,xx大学xx专业,,2052-11-30,30.0
27,毛伟,一级科员,女,汉,四川成都,1996-10-01,2018-07-01,2022.07,2022-07-01,1997.02,大学法学学生,xx学院xx专业,大学,xx大学xx专业,,2056-09-30,26.0
28,屈毅,四级主任科员,女,汉,四川成都,1959-06-01,1980-08-01,1991.09,1991-09-01,1997.02,大学法学学生,xx学院xx专业,大学,xx大学xx专业,,2019-05-31,63.0
29,史军,二级调研员,男,汉,四川成都,1963-09-01,1986-05-01,2012.11,2012-11-01,1997.02,大学法学学生,xx学院xx专业,大学,xx大学xx专业,,2023-08-31,59.0
30,贺军,四级调研员,男,汉,四川成都,1959-05-01,1999-09-01,2017.07,2017-07-01,1997.02,大学法学学生,xx学院xx专业,大学,xx大学xx专业,,2019-04-30,64.0
31,陶峰,二级科员,男,汉,四川成都,1974-02-01,1994-11-01,2002.04,2002-04-01,1997.02,大学法学学生,xx学院xx专业,大学,xx大学xx专业,,2034-01-31,49.0
32,舒伟,一级科员,男,汉,四川成都,1965-09-01,1991-08-01,2018.1,2018-10-01,1997.02,大学法学学生,xx学院xx专业,大学,xx大学xx专业,,2025-08-31,57.0
33,庞杰,一级主任科员,女,汉,四川成都,1971-11-01,2008-09-01,2021.12,2021-12-01,1997.02,大学法学学生,xx学院xx专业,大学,xx大学xx专业,,2031-10-31,51.0
34,尤毅,三级主任科员,男,汉,四川成都,1966-05-01,2007-06-01,2013.09,2013-09-01,1997.02,大学法学学生,xx学院xx专业,大学,xx大学xx专业,,2026-04-30,57.0
35,齐俊,二级主任科员,女,汉,四川成都,1968-03-01,1989-12-01,1997.1,1997-10-01,1997.02,大学法学学生,xx学院xx专业,大学,xx大学xx专业,,2028-02-29,55.0
36,纪健,二级调研员,女,汉,四川成都,1977-10-01,2002-01-01,2019.12,2019-12-01,1997.02,大学法学学生,xx学院xx专业,大学,xx大学xx专业,,2037-09-30,45.0
37,平勇,二级调研员,男,汉,四川成都,1963-01-01,1998-10-01,2013.06,2013-06-01,1997.02,大学法学学生,xx学院xx专业,大学,xx大学xx专业,,2022-12-31,60.0
38,邵健,四级主任科员,男,汉,四川成都,1963-12-01,2008-01-01,2022.04,2022-04-01,1997.02,大学法学学生,xx学院xx专业,大学,xx大学xx专业,,2023-11-30,59.0
39,鲍峰,四级主任科员,女,汉,四川成都,1997-05-01,2017-07-01,2021.05,2021-05-01,1997.02,大学法学学生,xx学院xx专业,大学,xx大学xx专业,,2057-04-30,26.0
40,于杰,二级调研员,女,汉,四川成都,1997-10-01,2019-07-01,2021.01,2021-01-01,1997.02,大学法学学生,xx学院xx专业,大学,xx大学xx专业,,2057-09-30,25.0
41,董健,三级主任科员,女,汉,四川成都,1962-01-01,1982-01-01,2020.01,2020-01-01,1997.02,大学法学学生,xx学院xx专业,大学,xx大学xx专业,,2021-12-31,61.0
42,尹俊,一级主任科员,女,汉,四川成都,1964-02-01,1985-09-01,2015.06,2015-06-01,1997.02,大学法学学生,xx学院xx专业,大学,xx大学xx专业,,2024-01-31,59.0
43,齐刚,二级主任科员,女,汉,四川成都,1992-12-01,2020-03-01,2022.12,2022-12-01,1997.02,大学法学学生,xx学院xx专业,大学,xx大学xx专业,,2052-11-30,30.0
44,云健,四级调研员,男,汉,四川成都,1991-07-01,2012-01-01,2019.12,2019-12-01,1997.02,大学法学学生,xx学院xx专业,大学,xx大学xx专业,,2051-06-30,31.0
45,于健,一级科员,男,汉,四川成都,1975-09-01,2000-01-01,2003.09,2003-09-01,1997.02,大学法学学生,xx学院xx专业,大学,xx大学xx专业,,2035-08-31,47.0
46,余峰,二级科员,女,汉,四川成都,1957-09-01,2016-06-01,2019.05,2019-05-01,1997.02,大学法学学生,xx学院xx专业,大学,xx大学xx专业,,2017-08-31,65.0
47,蒋峰,一级主任科员,女,汉,四川成都,1986-08-01,2009-06-01,2014.04,2014-04-01,1997.02,大学法学学生,xx学院xx专业,大学,xx大学xx专业,,2046-07-31,36.0
48,费刚,一级主任科员,男,汉,四川成都,1998-03-01,2018-12-01,2021.05,2021-05-01,1997.02,大学法学学生,xx学院xx专业,大学,xx大学xx专业,,2058-02-28,25.0
49,汪峰,二级主任科员,男,汉,四川成都,1955-01-01,1981-10-01,1987.01,1987-01-01,1997.02,大学法学学生,xx学院xx专业,大学,xx大学xx专业,,2014-12-31,68.0
50,乐勇,三级调研员,男,汉,四川成都,1955-02-01,2012-11-01,2017.02,2017-02-01,1997.02,大学法学学生,xx学院xx专业,大学,xx大学xx专业,,2015-01-31,68.0
51,彭伟,二级主任科员,男,汉,四川成都,1971-07-01,2005-07-01,2009.09,2009-09-01,1997.02,大学法学学生,xx学院xx专业,大学,xx大学xx专业,,2031-06-30,51.0
52,方健,一级科员,女,汉,四川成都,1958-12-01,1981-10-01,2007.03,2007-03-01,1997.02,大学法学学生,xx学院xx专业,大学,xx大学xx专业,,2018-11-30,64.0
53,伍毅,二级调研员,男,汉,四川成都,1994-08-01,2017-11-01,2020.11,2020-11-01,1997.02,大学法学学生,xx学院xx专业,大学,xx大学xx专业,,2054-07-31,28.0
54,梁军,二级调研员,男,汉,四川成都,1997-05-01,2018-09-01,2020.08,2020-08-01,1997.02,大学法学学生,xx学院xx专业,大学,xx大学xx专业,,2057-04-30,26.0
55,戴峰,三级调研员,女,汉,四川成都,1971-06-01,2002-06-01,2008.11,2008-11-01,1997.02,大学法学学生,xx学院xx专业,大学,xx大学xx专业,,2031-05-31,51.0
56,狄峰,处长,男,汉,四川成都,1979-09-01,1999-07-01,2012.1,2012-10-01,1997.02,大学法学学生,xx学院xx专业,大学,xx大学xx专业,,2039-08-31,43.0
57,苗勇,一级科员,女,汉,四川成都,1985-05-01,2005-09-01,2013.05,2013-05-01,1997.02,大学法学学生,xx学院xx专业,大学,xx大学xx专业,,2045-04-30,38.0
58,臧军,二级调研员,女,汉,四川成都,1990-04-01,2013-11-01,2015.04,2015-04-01,1997.02,大学法学学生,xx学院xx专业,大学,xx大学xx专业,,2050-03-31,33.0
59,尹军,二级调研员,男,汉,四川成都,1983-02-01,2014-07-01,2017.06,2017-06-01,1997.02,大学法学学生,xx学院xx专业,大学,xx大学xx专业,,2043-01-31,40.0
60,水毅,四级调研员,男,汉,四川成都,1997-06-01,2017-05-01,2021.01,2021-01-01,1997.02,大学法学学生,xx学院xx专业,大学,xx大学xx专业,,2057-05-31,25.0
61,褚强,二级科员,女,汉,四川成都,1976-08-01,1996-04-01,2009.09,2009-09-01,1997.02,大学法学学生,xx学院xx专业,大学,xx大学xx专业,,2036-07-31,46.0
62,黄军,四级主任科员,男,汉,四川成都,1980-07-01,2002-09-01,2005.01,2005-01-01,1997.02,大学法学学生,xx学院xx专业,大学,xx大学xx专业,,2040-06-30,42.0
63,吕杰,一级主任科员,女,汉,四川成都,1983-03-01,2011-10-01,2016.01,2016-01-01,1997.02,大学法学学生,xx学院xx专业,大学,xx大学xx专业,,2043-02-28,40.0
64,鲍毅,二级主任科员,男,汉,四川成都,1957-04-01,1989-11-01,1995.08,1995-08-01,1997.02,大学法学学生,xx学院xx专业,大学,xx大学xx专业,,2017-03-31,66.0
65,葛军,四级主任科员,男,汉,四川成都,1983-03-01,2015-01-01,2021.1,2021-10-01,1997.02,大学法学学生,xx学院xx专业,大学,xx大学xx专业,,2043-02-28,40.0
66,殷伟,三级调研员,女,汉,四川成都,1988-04-01,2009-09-01,2016.12,2016-12-01,1997.02,大学法学学生,xx学院xx专业,大学,xx大学xx专业,,2048-03-31,35.0
67,戚健,四级主任科员,女,汉,四川成都,1960-11-01,2009-04-01,2015.06,2015-06-01,1997.02,大学法学学生,xx学院xx专业,大学,xx大学xx专业,,2020-10-31,62.0
68,钱军,二级主任科员,男,汉,四川成都,1978-01-01,2017-06-01,2020.02,2020-02-01,1997.02,大学法学学生,xx学院xx专业,大学,xx大学xx专业,,2037-12-31,45.0
69,毕刚,四级调研员,男,汉,四川成都,1986-07-01,2009-09-01,2013.08,2013-08-01,1997.02,大学法学学生,xx学院xx专业,大学,xx大学xx专业,,2046-06-30,36.0
70,张勇,三级主任科员,男,汉,四川成都,1963-01-01,1987-03-01,2010.01,2010-01-01,1997.02,大学法学学生,xx学院xx专业,大学,xx大学xx专业,,2022-12-31,60.0
71,平军,四级调研员,男,汉,四川成都,1995-10-01,2016-01-01,2019.02,2019-02-01,1997.02,大学法学学生,xx学院xx专业,大学,xx大学xx专业,,2055-09-30,27.0
72,陈勇,一级科员,男,汉,四川成都,1980-08-01,2017-07-01,2022.12,2022-12-01,1997.02,大学法学学生,xx学院xx专业,大学,xx大学xx专业,,2040-07-31,42.0
73,项伟,一级主任科员,女,汉,四川成都,1969-12-01,1993-09-01,2020.08,2020-08-01,1997.02,大学法学学生,xx学院xx专业,大学,xx大学xx专业,,2029-11-30,53.0
74,柏军,三级调研员,男,汉,四川成都,1976-04-01,2004-10-01,2017.03,2017-03-01,1997.02,大学法学学生,xx学院xx专业,大学,xx大学xx专业,,2036-03-31,47.0
75,许伟,一级主任科员,女,汉,四川成都,1967-04-01,1999-10-01,2019.12,2019-12-01,1997.02,大学法学学生,xx学院xx专业,大学,xx大学xx专业,,2027-03-31,56.0
76,张军,四级调研员,女,汉,四川成都,1977-10-01,2018-05-01,2021.12,2021-12-01,1997.02,大学法学学生,xx学院xx专业,大学,xx大学xx专业,,2037-09-30,45.0
77,郎俊,一级科员,男,汉,四川成都,1974-12-01,2004-08-01,2015.05,2015-05-01,1997.02,大学法学学生,xx学院xx专业,大学,xx大学xx专业,,2034-11-30,48.0
78,秦刚,一级科员,男,汉,四川成都,1965-08-01,2000-11-01,2016.08,2016-08-01,1997.02,大学法学学生,xx学院xx专业,大学,xx大学xx专业,,2025-07-31,57.0
79,薛毅,四级主任科员,男,汉,四川成都,1967-12-01,2005-01-01,2014.09,2014-09-01,1997.02,大学法学学生,xx学院xx专业,大学,xx大学xx专业,,2027-11-30,55.0
80,禹毅,二级调研员,女,汉,四川成都,1975-10-01,2008-11-01,2019.08,2019-08-01,1997.02,大学法学学生,xx学院xx专业,大学,xx大学xx专业,,2035-09-30,47.0
81,薛军,二级调研员,男,汉,四川成都,1959-01-01,2009-03-01,2020.06,2020-06-01,1997.02,大学法学学生,xx学院xx专业,大学,xx大学xx专业,,2018-12-31,64.0
82,倪强,四级调研员,男,汉,四川成都,1955-01-01,2003-07-01,2019.11,2019-11-01,1997.02,大学法学学生,xx学院xx专业,大学,xx大学xx专业,,2014-12-31,68.0
83,柏俊,二级调研员,女,汉,四川成都,1958-08-01,1984-07-01,2001.1,2001-10-01,1997.02,大学法学学生,xx学院xx专业,大学,xx大学xx专业,,2018-07-31,64.0
84,韩勇,一级主任科员,男,汉,四川成都,1977-04-01,2020-03-01,2022.01,2022-01-01,1997.02,大学法学学生,xx学院xx专业,大学,xx大学xx专业,,2037-03-31,46.0
85,凤俊,处长,女,汉,四川成都,1994-04-01,2016-02-01,2021.04,2021-04-01,1997.02,大学法学学生,xx学院xx专业,大学,xx大学xx专业,,2054-03-31,29.0
86,屈军,二级调研员,男,汉,四川成都,1989-12-01,2009-09-01,2014.05,2014-05-01,1997.02,大学法学学生,xx学院xx专业,大学,xx大学xx专业,,2049-11-30,33.0
87,戴健,三级主任科员,男,汉,四川成都,1965-07-01,2011-05-01,2019.06,2019-06-01,1997.02,大学法学学生,xx学院xx专业,大学,xx大学xx专业,,2025-06-30,57.0
88,项峰,处长,男,汉,四川成都,1977-08-01,2014-12-01,2016.07,2016-07-01,1997.02,大学法学学生,xx学院xx专业,大学,xx大学xx专业,,2037-07-31,45.0
89,姚峰,三级调研员,女,汉,四川成都,1977-10-01,2008-01-01,2010.06,2010-06-01,1997.02,大学法学学生,xx学院xx专业,大学,xx大学xx专业,,2037-09-30,45.0
90,王军,一级科员,男,汉,四川成都,1975-09-01,2009-06-01,2014.01,2014-01-01,1997.02,大学法学学生,xx学院xx专业,大学,xx大学xx专业,,2035-08-31,47.0
91,董俊,四级主任科员,女,汉,四川成都,1999-05-01,2020-12-01,2022.11,2022-11-01,1997.02,大学法学学生,xx学院xx专业,大学,xx大学xx专业,,2059-04-30,24.0
92,安刚,一级主任科员,男,汉,四川成都,1962-10-01,1999-02-01,2002.02,2002-02-01,1997.02,大学法学学生,xx学院xx专业,大学,xx大学xx专业,,2022-09-30,60.0
93,贺毅,二级调研员,男,汉,四川成都,1972-11-01,2005-11-01,2009.1,2009-10-01,1997.02,大学法学学生,xx学院xx专业,大学,xx大学xx专业,,2032-10-31,50.0
94,萧峰,四级调研员,女,汉,四川成都,1960-02-01,1999-03-01,2015.04,2015-04-01,1997.02,大学法学学生,xx学院xx专业,大学,xx大学xx专业,,2020-01-31,63.0
95,方俊,四级调研员,女,汉,四川成都,1963-10-01,1995-08-01,2015.06,2015-06-01,1997.02,大学法学学生,xx学院xx专业,大学,xx大学xx专业,,2023-09-30,59.0
96,唐健,三级主任科员,男,汉,四川成都,1997-03-01,2019-11-01,2022.07,2022-07-01,1997.02,大学法学学生,xx学院xx专业,大学,xx大学xx专业,,2057-02-28,26.0
97,沈健,四级调研员,男,汉,四川成都,1982-06-01,2004-11-01,2022.03,2022-03-01,1997.02,大学法学学生,xx学院xx专业,大学,xx大学xx专业,,2042-05-31,40.0
98,俞杰,二级调研员,男,汉,四川成都,1977-07-01,2008-04-01,2011.06,2011-06-01,1997.02,大学法学学生,xx学院xx专业,大学,xx大学xx专业,,2037-06-30,45.0
99,魏刚,一级主任科员,男,汉,四川成都,1986-12-01,2008-03-01,2019.07,2019-07-01,1997.02,大学法学学生,xx学院xx专业,大学,xx大学xx专业,,2046-11-30,36.0
100,齐伟,一级主任科员,男,汉,四川成都,1957-11-01,1995-11-01,2013.11,2013-11-01,1997.02,大学法学学生,xx学院xx专业,大学,xx大学xx专业,,2017-10-31,65.0
101,戴勇,二级调研员,女,汉,四川成都,1968-03-01,2004-05-01,2017.05,2017-05-01,1997.02,大学法学学生,xx学院xx专业,大学,xx大学xx专业,,2028-02-29,55.0
102,章俊,二级主任科员,男,汉,四川成都,1975-09-01,2018-02-01,2022.02,2022-02-01,1997.02,大学法学学生,xx学院xx专业,大学,xx大学xx专业,,2035-08-31,47.0
103,史健,二级调研员,女,汉,四川成都,1971-01-01,2006-06-01,2008.02,2008-02-01,1997.02,大学法学学生,xx学院xx专业,大学,xx大学xx专业,,2030-12-31,52.0
104,薛勇,一级主任科员,男,汉,四川成都,1998-05-01,2019-06-01,2021.06,2021-06-01,1997.02,大学法学学生,xx学院xx专业,大学,xx大学xx专业,,2058-04-30,25.0
105,安俊,三级主任科员,女,汉,四川成都,1984-12-01,2017-05-01,2021.06,2021-06-01,1997.02,大学法学学生,xx学院xx专业,大学,xx大学xx专业,,2044-11-30,38.0
106,钱强,二级调研员,男,汉,四川成都,1973-03-01,2019-09-01,2021.11,2021-11-01,1997.02,大学法学学生,xx学院xx专业,大学,xx大学xx专业,,2033-02-28,50.0
107,施勇,二级科员,女,汉,四川成都,1961-04-01,1983-09-01,2007.07,2007-07-01,1997.02,大学法学学生,xx学院xx专业,大学,xx大学xx专业,,2021-03-31,62.0
108,唐峰,三级主任科员,女,汉,四川成都,1978-01-01,2000-11-01,2009.08,2009-08-01,1997.02,大学法学学生,xx学院xx专业,大学,xx大学xx专业,,2037-12-31,45.0
109,许杰,三级主任科员,女,汉,四川成都,1971-06-01,1998-10-01,2010.08,2010-08-01,1997.02,大学法学学生,xx学院xx专业,大学,xx大学xx专业,,2031-05-31,51.0
110,卞强,四级调研员,男,汉,四川成都,1993-08-01,2019-05-01,2022.1,2022-10-01,1997.02,大学法学学生,xx学院xx专业,大学,xx大学xx专业,,2053-07-31,29.0
111,马杰,四级调研员,女,汉,四川成都,1988-04-01,2017-09-01,2022.03,2022-03-01,1997.02,大学法学学生,xx学院xx专业,大学,xx大学xx专业,,2048-03-31,35.0
112,范毅,二级调研员,男,汉,四川成都,1986-06-01,2016-06-01,2021.11,2021-11-01,1997.02,大学法学学生,xx学院xx专业,大学,xx大学xx专业,,2046-05-31,36.0
113,谢毅,四级调研员,男,汉,四川成都,1966-11-01,2017-09-01,2021.09,2021-09-01,1997.02,大学法学学生,xx学院xx专业,大学,xx大学xx专业,,2026-10-31,56.0
114,倪勇,一级科员,男,汉,四川成都,1969-04-01,2015-07-01,2020.07,2020-07-01,1997.02,大学法学学生,xx学院xx专业,大学,xx大学xx专业,,2029-03-31,54.0
115,孙俊,二级科员,男,汉,四川成都,1978-06-01,2020-05-01,2022.03,2022-03-01,1997.02,大学法学学生,xx学院xx专业,大学,xx大学xx专业,,2038-05-31,44.0
116,孟军,四级调研员,男,汉,四川成都,1964-01-01,2018-08-01,2022.01,2022-01-01,1997.02,大学法学学生,xx学院xx专业,大学,xx大学xx专业,,2023-12-31,59.0
117,窦刚,四级主任科员,男,汉,四川成都,1963-09-01,2010-04-01,2020.08,2020-08-01,1997.02,大学法学学生,xx学院xx专业,大学,xx大学xx专业,,2023-08-31,59.0
118,湛杰,二级主任科员,男,汉,四川成都,1977-12-01,2014-10-01,2016.03,2016-03-01,1997.02,大学法学学生,xx学院xx专业,大学,xx大学xx专业,,2037-11-30,45.0
119,彭毅,二级科员,男,汉,四川成都,1961-06-01,2017-05-01,2020.01,2020-01-01,1997.02,大学法学学生,xx学院xx专业,大学,xx大学xx专业,,2021-05-31,61.0
120,殷强,三级主任科员,男,汉,四川成都,1989-10-01,2018-02-01,2022.06,2022-06-01,1997.02,大学法学学生,xx学院xx专业,大学,xx大学xx专业,,2049-09-30,33.0
121,尹毅,一级主任科员,女,汉,四川成都,1973-07-01,2005-06-01,2022.06,2022-06-01,1997.02,大学法学学生,xx学院xx专业,大学,xx大学xx专业,,2033-06-30,49.0
122,鲁军,三级调研员,女,汉,四川成都,1973-07-01,1994-07-01,2009.09,2009-09-01,1997.02,大学法学学生,xx学院xx专业,大学,xx大学xx专业,,2033-06-30,49.0
123,滕毅,一级主任科员,男,汉,四川成都,1964-08-01,2001-12-01,2021.02,2021-02-01,1997.02,大学法学学生,xx学院xx专业,大学,xx大学xx专业,,2024-07-31,58.0
124,陈俊,四级主任科员,女,汉,四川成都,1974-07-01,2019-09-01,2022.09,2022-09-01,1997.02,大学法学学生,xx学院xx专业,大学,xx大学xx专业,,2034-06-30,48.0
125,章军,二级主任科员,女,汉,四川成都,1966-10-01,2016-10-01,2021.01,2021-01-01,1997.02,大学法学学生,xx学院xx专业,大学,xx大学xx专业,,2026-09-30,56.0
126,和勇,三级调研员,男,汉,四川成都,1970-03-01,2011-07-01,2016.08,2016-08-01,1997.02,大学法学学生,xx学院xx专业,大学,xx大学xx专业,,2030-02-28,53.0
127,安军,二级调研员,女,汉,四川成都,1970-02-01,2015-05-01,2017.04,2017-04-01,1997.02,大学法学学生,xx学院xx专业,大学,xx大学xx专业,,2030-01-31,53.0
128,皮勇,一级主任科员,男,汉,四川成都,1955-07-01,2010-07-01,2019.06,2019-06-01,1997.02,大学法学学生,xx学院xx专业,大学,xx大学xx专业,,2015-06-30,67.0
129,毛军,四级调研员,男,汉,四川成都,1989-12-01,2010-03-01,2014.04,2014-04-01,1997.02,大学法学学生,xx学院xx专业,大学,xx大学xx专业,,2049-11-30,33.0
130,湛毅,一级科员,男,汉,四川成都,1983-05-01,2015-03-01,2017.01,2017-01-01,1997.02,大学法学学生,xx学院xx专业,大学,xx大学xx专业,,2043-04-30,40.0
131,董军,一级科员,男,汉,四川成都,1969-12-01,2007-06-01,2017.05,2017-05-01,1997.02,大学法学学生,xx学院xx专业,大学,xx大学xx专业,,2029-11-30,53.0
132,施刚,一级科员,男,汉,四川成都,1993-06-01,2018-03-01,2020.04,2020-04-01,1997.02,大学法学学生,xx学院xx专业,大学,xx大学xx专业,,2053-05-31,29.0
133,奚毅,四级调研员,女,汉,四川成都,1973-05-01,2007-01-01,2021.04,2021-04-01,1997.02,大学法学学生,xx学院xx专业,大学,xx大学xx专业,,2033-04-30,50.0
134,禹强,二级调研员,女,汉,四川成都,1998-05-01,2018-11-01,2020.11,2020-11-01,1997.02,大学法学学生,xx学院xx专业,大学,xx大学xx专业,,2058-04-30,25.0
135,冯峰,四级主任科员,男,汉,四川成都,1986-12-01,2010-03-01,2014.01,2014-01-01,1997.02,大学法学学生,xx学院xx专业,大学,xx大学xx专业,,2046-11-30,36.0
136,袁刚,四级调研员,男,汉,四川成都,1962-03-01,1987-07-01,2004.1,2004-10-01,1997.02,大学法学学生,xx学院xx专业,大学,xx大学xx专业,,2022-02-28,61.0
137,邬杰,一级科员,男,汉,四川成都,1994-04-01,2018-04-01,2022.07,2022-07-01,1997.02,大学法学学生,xx学院xx专业,大学,xx大学xx专业,,2054-03-31,29.0
138,李刚,一级主任科员,女,汉,四川成都,1964-02-01,2005-10-01,2014.1,2014-10-01,1997.02,大学法学学生,xx学院xx专业,大学,xx大学xx专业,,2024-01-31,59.0
139,成毅,二级调研员,女,汉,四川成都,1971-06-01,2015-12-01,2019.03,2019-03-01,1997.02,大学法学学生,xx学院xx专业,大学,xx大学xx专业,,2031-05-31,51.0
140,秦峰,二级主任科员,男,汉,四川成都,1984-04-01,2006-05-01,2008.09,2008-09-01,1997.02,大学法学学生,xx学院xx专业,大学,xx大学xx专业,,2044-03-31,39.0
141,禹刚,一级主任科员,男,汉,四川成都,1999-02-01,2019-03-01,2022.1,2022-10-01,1997.02,大学法学学生,xx学院xx专业,大学,xx大学xx专业,,2059-01-31,24.0
142,吴峰,四级主任科员,女,汉,四川成都,1978-10-01,2018-11-01,2020.01,2020-01-01,1997.02,大学法学学生,xx学院xx专业,大学,xx大学xx专业,,2038-09-30,44.0
143,苏强,二级主任科员,女,汉,四川成都,1984-10-01,2006-06-01,2011.1,2011-10-01,1997.02,大学法学学生,xx学院xx专业,大学,xx大学xx专业,,2044-09-30,38.0
144,苗峰,三级主任科员,男,汉,四川成都,1994-06-01,2019-07-01,2022.04,2022-04-01,1997.02,大学法学学生,xx学院xx专业,大学,xx大学xx专业,,2054-05-31,28.0
145,酆俊,一级主任科员,女,汉,四川成都,1990-04-01,2015-10-01,2018.07,2018-07-01,1997.02,大学法学学生,xx学院xx专业,大学,xx大学xx专业,,2050-03-31,33.0
146,郑军,三级主任科员,女,汉,四川成都,1974-06-01,2009-07-01,2016.11,2016-11-01,1997.02,大学法学学生,xx学院xx专业,大学,xx大学xx专业,,2034-05-31,48.0
147,梁勇,三级调研员,女,汉,四川成都,1975-03-01,2016-07-01,2020.03,2020-03-01,1997.02,大学法学学生,xx学院xx专业,大学,xx大学xx专业,,2035-02-28,48.0
148,何俊,三级调研员,男,汉,四川成都,1964-11-01,2000-11-01,2005.11,2005-11-01,1997.02,大学法学学生,xx学院xx专业,大学,xx大学xx专业,,2024-10-31,58.0
149,傅峰,二级主任科员,男,汉,四川成都,1958-02-01,2010-10-01,2017.09,2017-09-01,1997.02,大学法学学生,xx学院xx专业,大学,xx大学xx专业,,2018-01-31,65.0
150,平刚,二级主任科员,女,汉,四川成都,1962-05-01,1990-10-01,1997.12,1997-12-01,1997.02,大学法学学生,xx学院xx专业,大学,xx大学xx专业,,2022-04-30,61.0
151,熊军,三级调研员,男,汉,四川成都,1992-05-01,2016-06-01,2019.04,2019-04-01,1997.02,大学法学学生,xx学院xx专业,大学,xx大学xx专业,,2052-04-30,31.0
152,傅健,二级调研员,男,汉,四川成都,1977-06-01,2001-07-01,2020.12,2020-12-01,1997.02,大学法学学生,xx学院xx专业,大学,xx大学xx专业,,2037-05-31,45.0
153,杨军,二级科员,女,汉,四川成都,1975-11-01,2012-02-01,2022.11,2022-11-01,1997.02,大学法学学生,xx学院xx专业,大学,xx大学xx专业,,2035-10-31,47.0
154,罗俊,四级主任科员,女,汉,四川成都,1999-03-01,2019-05-01,2021.04,2021-04-01,1997.02,大学法学学生,xx学院xx专业,大学,xx大学xx专业,,2059-02-28,24.0
155,鲍刚,一级科员,男,汉,四川成都,1991-11-01,2012-04-01,2014.01,2014-01-01,1997.02,大学法学学生,xx学院xx专业,大学,xx大学xx专业,,2051-10-31,31.0
156,谈杰,一级主任科员,男,汉,四川成都,1966-03-01,1995-09-01,2003.01,2003-01-01,1997.02,大学法学学生,xx学院xx专业,大学,xx大学xx专业,,2026-02-28,57.0
157,朱毅,一级主任科员,男,汉,四川成都,1988-08-01,2009-03-01,2013.1,2013-10-01,1997.02,大学法学学生,xx学院xx专业,大学,xx大学xx专业,,2048-07-31,34.0
158,毛健,二级主任科员,男,汉,四川成都,1985-02-01,2016-12-01,2020.01,2020-01-01,1997.02,大学法学学生,xx学院xx专业,大学,xx大学xx专业,,2045-01-31,38.0
159,祝军,四级主任科员,女,汉,四川成都,1966-07-01,2013-09-01,2022.12,2022-12-01,1997.02,大学法学学生,xx学院xx专业,大学,xx大学xx专业,,2026-06-30,56.0
160,湛军,一级科员,男,汉,四川成都,1973-01-01,1996-12-01,2004.06,2004-06-01,1997.02,大学法学学生,xx学院xx专业,大学,xx大学xx专业,,2032-12-31,50.0
161,袁毅,四级主任科员,男,汉,四川成都,1982-09-01,2012-07-01,2015.01,2015-01-01,1997.02,大学法学学生,xx学院xx专业,大学,xx大学xx专业,,2042-08-31,40.0
162,祁军,四级调研员,女,汉,四川成都,1987-12-01,2019-04-01,2021.1,2021-10-01,1997.02,大学法学学生,xx学院xx专业,大学,xx大学xx专业,,2047-11-30,35.0
163,费伟,三级调研员,女,汉,四川成都,1966-02-01,1994-07-01,2022.09,2022-09-01,1997.02,大学法学学生,xx学院xx专业,大学,xx大学xx专业,,2026-01-31,57.0
164,杨健,二级调研员,女,汉,四川成都,1987-05-01,2013-08-01,2016.03,2016-03-01,1997.02,大学法学学生,xx学院xx专业,大学,xx大学xx专业,,2047-04-30,36.0
165,项刚,三级调研员,女,汉,四川成都,1993-06-01,2015-02-01,2020.07,2020-07-01,1997.02,大学法学学生,xx学院xx专业,大学,xx大学xx专业,,2053-05-31,29.0
166,祝强,二级调研员,男,汉,四川成都,1970-11-01,2002-06-01,2020.09,2020-09-01,1997.02,大学法学学生,xx学院xx专业,大学,xx大学xx专业,,2030-10-31,52.0
167,汪军,三级调研员,男,汉,四川成都,1973-01-01,2012-06-01,2014.08,2014-08-01,1997.02,大学法学学生,xx学院xx专业,大学,xx大学xx专业,,2032-12-31,50.0
168,冯军,四级调研员,女,汉,四川成都,1992-08-01,2012-10-01,2015.1,2015-10-01,1997.02,大学法学学生,xx学院xx专业,大学,xx大学xx专业,,2052-07-31,30.0
169,卞勇,二级科员,男,汉,四川成都,1996-12-01,2016-10-01,2019.09,2019-09-01,1997.02,大学法学学生,xx学院xx专业,大学,xx大学xx专业,,2056-11-30,26.0
170,费毅,三级调研员,男,汉,四川成都,1980-09-01,2019-10-01,2022.07,2022-07-01,1997.02,大学法学学生,xx学院xx专业,大学,xx大学xx专业,,2040-08-31,42.0
171,曹刚,二级调研员,女,汉,四川成都,1995-10-01,2018-04-01,2021.02,2021-02-01,1997.02,大学法学学生,xx学院xx专业,大学,xx大学xx专业,,2055-09-30,27.0
172,苗伟,二级调研员,男,汉,四川成都,1957-12-01,1985-11-01,2011.07,2011-07-01,1997.02,大学法学学生,xx学院xx专业,大学,xx大学xx专业,,2017-11-30,65.0
173,伍峰,三级调研员,女,汉,四川成都,1979-09-01,2003-01-01,2018.09,2018-09-01,1997.02,大学法学学生,xx学院xx专业,大学,xx大学xx专业,,2039-08-31,43.0
174,孟勇,三级主任科员,女,汉,四川成都,1971-04-01,2003-08-01,2012.12,2012-12-01,1997.02,大学法学学生,xx学院xx专业,大学,xx大学xx专业,,2031-03-31,52.0
175,褚刚,四级调研员,女,汉,四川成都,1995-11-01,2020-09-01,2022.04,2022-04-01,1997.02,大学法学学生,xx学院xx专业,大学,xx大学xx专业,,2055-10-31,27.0
176,孟杰,四级调研员,男,汉,四川成都,1989-07-01,2015-06-01,2021.1,2021-10-01,1997.02,大学法学学生,xx学院xx专业,大学,xx大学xx专业,,2049-06-30,33.0
177,岑伟,二级调研员,男,汉,四川成都,1956-03-01,2015-06-01,2022.01,2022-01-01,1997.02,大学法学学生,xx学院xx专业,大学,xx大学xx专业,,2016-02-29,67.0
178,祁俊,三级主任科员,女,汉,四川成都,1998-03-01,2018-09-01,2022.12,2022-12-01,1997.02,大学法学学生,xx学院xx专业,大学,xx大学xx专业,,2058-02-28,25.0
179,卜峰,二级科员,女,汉,四川成都,1963-05-01,2013-06-01,2015.01,2015-01-01,1997.02,大学法学学生,xx学院xx专业,大学,xx大学xx专业,,2023-04-30,60.0
180,周峰,四级调研员,女,汉,四川成都,1959-11-01,2002-04-01,2004.03,2004-03-01,1997.02,大学法学学生,xx学院xx专业,大学,xx大学xx专业,,2019-10-31,63.0
181,计伟,四级主任科员,男,汉,四川成都,1963-10-01,1997-08-01,2003.06,2003-06-01,1997.02,大学法学学生,xx学院xx专业,大学,xx大学xx专业,,2023-09-30,59.0
182,尤杰,三级调研员,女,汉,四川成都,1978-05-01,2017-11-01,2020.06,2020-06-01,1997.02,大学法学学生,xx学院xx专业,大学,xx大学xx专业,,2038-04-30,45.0
183,施强,三级主任科员,男,汉,四川成都,1964-07-01,1999-01-01,2004.05,2004-05-01,1997.02,大学法学学生,xx学院xx专业,大学,xx大学xx专业,,2024-06-30,58.0
184,成强,三级调研员,男,汉,四川成都,1983-12-01,2012-07-01,2017.07,2017-07-01,1997.02,大学法学学生,xx学院xx专业,大学,xx大学xx专业,,2043-11-30,39.0
185,曹健,四级调研员,男,汉,四川成都,1966-05-01,2019-10-01,2021.06,2021-06-01,1997.02,大学法学学生,xx学院xx专业,大学,xx大学xx专业,,2026-04-30,57.0
186,顾健,三级调研员,男,汉,四川成都,1956-08-01,1977-09-01,2018.04,2018-04-01,1997.02,大学法学学生,xx学院xx专业,大学,xx大学xx专业,,2016-07-31,66.0
187,罗伟,四级调研员,女,汉,四川成都,1981-08-01,2002-08-01,2009.04,2009-04-01,1997.02,大学法学学生,xx学院xx专业,大学,xx大学xx专业,,2041-07-31,41.0
188,康峰,三级主任科员,女,汉,四川成都,1990-07-01,2019-05-01,2021.04,2021-04-01,1997.02,大学法学学生,xx学院xx专业,大学,xx大学xx专业,,2050-06-30,32.0
189,任健,二级科员,男,汉,四川成都,1957-11-01,1999-03-01,2020.02,2020-02-01,1997.02,大学法学学生,xx学院xx专业,大学,xx大学xx专业,,2017-10-31,65.0
190,袁俊,一级主任科员,女,汉,四川成都,1964-03-01,2017-10-01,2020.11,2020-11-01,1997.02,大学法学学生,xx学院xx专业,大学,xx大学xx专业,,2024-02-29,59.0
191,宋勇,三级主任科员,女,汉,四川成都,1998-06-01,2019-03-01,2021.03,2021-03-01,1997.02,大学法学学生,xx学院xx专业,大学,xx大学xx专业,,2058-05-31,24.0
192,姚强,一级科员,女,汉,四川成都,1978-08-01,1999-08-01,2020.01,2020-01-01,1997.02,大学法学学生,xx学院xx专业,大学,xx大学xx专业,,2038-07-31,44.0
193,奚俊,二级调研员,女,汉,四川成都,1983-02-01,2012-08-01,2015.1,2015-10-01,1997.02,大学法学学生,xx学院xx专业,大学,xx大学xx专业,,2043-01-31,40.0
194,邬峰,三级主任科员,女,汉,四川成都,1965-08-01,2009-02-01,2013.04,2013-04-01,1997.02,大学法学学生,xx学院xx专业,大学,xx大学xx专业,,2025-07-31,57.0
195,范杰,三级调研员,男,汉,四川成都,1959-07-01,1991-08-01,2018.11,2018-11-01,1997.02,大学法学学生,xx学院xx专业,大学,xx大学xx专业,,2019-06-30,63.0
196,成俊,二级科员,女,汉,四川成都,1958-08-01,1992-05-01,2002.03,2002-03-01,1997.02,大学法学学生,xx学院xx专业,大学,xx大学xx专业,,2018-07-31,64.0
197,明军,二级科员,男,汉,四川成都,1964-06-01,1988-01-01,2017.02,2017-02-01,1997.02,大学法学学生,xx学院xx专业,大学,xx大学xx专业,,2024-05-31,58.0
198,萧俊,副处长,男,汉,四川成都,1982-05-01,2002-02-01,2013.04,2013-04-01,1997.02,大学法学学生,xx学院xx专业,大学,xx大学xx专业,,2042-04-30,41.0
199,顾勇,二级调研员,女,汉,四川成都,1982-11-01,2020-08-01,2022.07,2022-07-01,1997.02,大学法学学生,xx学院xx专业,大学,xx大学xx专业,,2042-10-31,40.0
200,费强,三级调研员,女,汉,四川成都,1972-05-01,2011-03-01,2015.08,2015-08-01,1997.02,大学法学学生,xx学院xx专业,大学,xx大学xx专业,,2032-04-30,51.0
201,王健,四级主任科员,男,汉,四川成都,1961-10-01,1981-10-01,1987.03,1987-03-01,1997.02,大学法学学生,xx学院xx专业,大学,xx大学xx专业,,2021-09-30,61.0
202,雷伟,三级主任科员,女,汉,四川成都,1992-05-01,2018-02-01,2020.11,2020-11-01,1997.02,大学法学学生,xx学院xx专业,大学,xx大学xx专业,,2052-04-30,31.0
203,禹伟,三级调研员,女,汉,四川成都,1994-07-01,2020-04-01,2022.03,2022-03-01,1997.02,大学法学学生,xx学院xx专业,大学,xx大学xx专业,,2054-06-30,28.0
204,杨毅,三级主任科员,男,汉,四川成都,1993-08-01,2013-01-01,2022.07,2022-07-01,1997.02,大学法学学生,xx学院xx专业,大学,xx大学xx专业,,2053-07-31,29.0
205,邵军,三级主任科员,男,汉,四川成都,1986-05-01,2012-08-01,2016.08,2016-08-01,1997.02,大学法学学生,xx学院xx专业,大学,xx大学xx专业,,2046-04-30,37.0
206,滕伟,四级调研员,女,汉,四川成都,1986-06-01,2015-09-01,2017.08,2017-08-01,1997.02,大学法学学生,xx学院xx专业,大学,xx大学xx专业,,2046-05-31,36.0
207,湛强,二级主任科员,男,汉,四川成都,1974-11-01,2006-12-01,2014.05,2014-05-01,1997.02,大学法学学生,xx学院xx专业,大学,xx大学xx专业,,2034-10-31,48.0
208,史峰,一级主任科员,女,汉,四川成都,1983-06-01,2018-09-01,2020.1,2020-10-01,1997.02,大学法学学生,xx学院xx专业,大学,xx大学xx专业,,2043-05-31,39.0
209,陈毅,三级调研员,男,汉,四川成都,1970-12-01,1996-04-01,2010.07,2010-07-01,1997.02,大学法学学生,xx学院xx专业,大学,xx大学xx专业,,2030-11-30,52.0
210,严俊,四级调研员,男,汉,四川成都,1970-07-01,2019-12-01,2022.06,2022-06-01,1997.02,大学法学学生,xx学院xx专业,大学,xx大学xx专业,,2030-06-30,52.0
211,郝军,三级调研员,女,汉,四川成都,1995-03-01,2015-09-01,2020.09,2020-09-01,1997.02,大学法学学生,xx学院xx专业,大学,xx大学xx专业,,2055-02-28,28.0
212,齐峰,三级调研员,女,汉,四川成都,1988-11-01,2018-11-01,2022.02,2022-02-01,1997.02,大学法学学生,xx学院xx专业,大学,xx大学xx专业,,2048-10-31,34.0
213,冯勇,四级调研员,女,汉,四川成都,1981-04-01,2018-11-01,2020.02,2020-02-01,1997.02,大学法学学生,xx学院xx专业,大学,xx大学xx专业,,2041-03-31,42.0
214,云毅,一级主任科员,女,汉,四川成都,1965-02-01,2001-01-01,2012.06,2012-06-01,1997.02,大学法学学生,xx学院xx专业,大学,xx大学xx专业,,2025-01-31,58.0
215,戚峰,三级调研员,女,汉,四川成都,1988-03-01,2010-10-01,2016.12,2016-12-01,1997.02,大学法学学生,xx学院xx专业,大学,xx大学xx专业,,2048-02-29,35.0
216,汪杰,处长,男,汉,四川成都,1978-10-01,2007-01-01,2014.05,2014-05-01,1997.02,大学法学学生,xx学院xx专业,大学,xx大学xx专业,,2038-09-30,44.0
217,舒军,三级调研员,女,汉,四川成都,1987-11-01,2017-02-01,2022.09,2022-09-01,1997.02,大学法学学生,xx学院xx专业,大学,xx大学xx专业,,2047-10-31,35.0
218,任伟,一级主任科员,女,汉,四川成都,1965-03-01,2004-07-01,2020.02,2020-02-01,1997.02,大学法学学生,xx学院xx专业,大学,xx大学xx专业,,2025-02-28,58.0
219,何伟,三级主任科员,女,汉,四川成都,1995-09-01,2020-02-01,2022.1,2022-10-01,1997.02,大学法学学生,xx学院xx专业,大学,xx大学xx专业,,2055-08-31,27.0
220,魏峰,四级主任科员,女,汉,四川成都,1972-07-01,2000-11-01,2013.05,2013-05-01,1997.02,大学法学学生,xx学院xx专业,大学,xx大学xx专业,,2032-06-30,50.0
221,任军,四级主任科员,女,汉,四川成都,1957-11-01,2006-11-01,2020.1,2020-10-01,1997.02,大学法学学生,xx学院xx专业,大学,xx大学xx专业,,2017-10-31,65.0
222,元杰,三级主任科员,男,汉,四川成都,1961-07-01,1981-02-01,2004.08,2004-08-01,1997.02,大学法学学生,xx学院xx专业,大学,xx大学xx专业,,2021-06-30,61.0
223,柳勇,三级主任科员,女,汉,四川成都,1968-06-01,2011-07-01,2017.12,2017-12-01,1997.02,大学法学学生,xx学院xx专业,大学,xx大学xx专业,,2028-05-31,54.0
224,卫健,四级调研员,女,汉,四川成都,1967-02-01,2017-12-01,2022.09,2022-09-01,1997.02,大学法学学生,xx学院xx专业,大学,xx大学xx专业,,2027-01-31,56.0
225,鲁俊,三级调研员,女,汉,四川成都,1989-05-01,2014-05-01,2020.01,2020-01-01,1997.02,大学法学学生,xx学院xx专业,大学,xx大学xx专业,,2049-04-30,34.0
226,倪健,二级主任科员,男,汉,四川成都,1957-07-01,2004-02-01,2015.07,2015-07-01,1997.02,大学法学学生,xx学院xx专业,大学,xx大学xx专业,,2017-06-30,65.0
227,薛健,三级主任科员,女,汉,四川成都,1961-07-01,2014-12-01,2018.02,2018-02-01,1997.02,大学法学学生,xx学院xx专业,大学,xx大学xx专业,,2021-06-30,61.0
228,萧毅,三级主任科员,男,汉,四川成都,1994-06-01,2015-02-01,2022.12,2022-12-01,1997.02,大学法学学生,xx学院xx专业,大学,xx大学xx专业,,2054-05-31,28.0
229,金杰,二级调研员,女,汉,四川成都,1978-05-01,2001-10-01,2004.07,2004-07-01,1997.02,大学法学学生,xx学院xx专业,大学,xx大学xx专业,,2038-04-30,45.0
230,潘健,一级主任科员,男,汉,四川成都,1980-10-01,2019-02-01,2021.05,2021-05-01,1997.02,大学法学学生,xx学院xx专业,大学,xx大学xx专业,,2040-09-30,42.0
231,彭杰,三级调研员,女,汉,四川成都,1995-03-01,2020-01-01,2022.07,2022-07-01,1997.02,大学法学学生,xx学院xx专业,大学,xx大学xx专业,,2055-02-28,28.0
232,姜健,三级调研员,男,汉,四川成都,1983-07-01,2018-08-01,2020.08,2020-08-01,1997.02,大学法学学生,xx学院xx专业,大学,xx大学xx专业,,2043-06-30,39.0
233,皮军,四级调研员,女,汉,四川成都,1977-03-01,2020-01-01,2022.11,2022-11-01,1997.02,大学法学学生,xx学院xx专业,大学,xx大学xx专业,,2037-02-28,46.0
234,蒋军,四级调研员,男,汉,四川成都,1972-11-01,1999-12-01,2012.12,2012-12-01,1997.02,大学法学学生,xx学院xx专业,大学,xx大学xx专业,,2032-10-31,50.0
235,苏峰,三级调研员,男,汉,四川成都,1972-01-01,1997-06-01,2010.05,2010-05-01,1997.02,大学法学学生,xx学院xx专业,大学,xx大学xx专业,,2031-12-31,51.0
236,孔勇,三级调研员,男,汉,四川成都,1986-10-01,2012-06-01,2018.12,2018-12-01,1997.02,大学法学学生,xx学院xx专业,大学,xx大学xx专业,,2046-09-30,36.0
237,施峰,三级调研员,女,汉,四川成都,1962-10-01,1990-06-01,2016.03,2016-03-01,1997.02,大学法学学生,xx学院xx专业,大学,xx大学xx专业,,2022-09-30,60.0
238,米军,二级调研员,男,汉,四川成都,1998-08-01,2018-08-01,2021.06,2021-06-01,1997.02,大学法学学生,xx学院xx专业,大学,xx大学xx专业,,2058-07-31,24.0
239,萧勇,一级科员,女,汉,四川成都,1970-04-01,2003-06-01,2015.07,2015-07-01,1997.02,大学法学学生,xx学院xx专业,大学,xx大学xx专业,,2030-03-31,53.0
240,屈刚,二级调研员,女,汉,四川成都,1963-02-01,1986-04-01,2009.12,2009-12-01,1997.02,大学法学学生,xx学院xx专业,大学,xx大学xx专业,,2023-01-31,60.0
241,柳伟,三级主任科员,男,汉,四川成都,1969-10-01,2007-05-01,2019.11,2019-11-01,1997.02,大学法学学生,xx学院xx专业,大学,xx大学xx专业,,2029-09-30,53.0
242,郑伟,四级主任科员,女,汉,四川成都,1991-11-01,2017-03-01,2019.07,2019-07-01,1997.02,大学法学学生,xx学院xx专业,大学,xx大学xx专业,,2051-10-31,31.0
243,昌军,四级主任科员,男,汉,四川成都,1998-05-01,2020-08-01,2022.04,2022-04-01,1997.02,大学法学学生,xx学院xx专业,大学,xx大学xx专业,,2058-04-30,25.0
244,苏勇,四级调研员,男,汉,四川成都,1966-02-01,1998-09-01,2000.01,2000-01-01,1997.02,大学法学学生,xx学院xx专业,大学,xx大学xx专业,,2026-01-31,57.0
245,于强,一级科员,男,汉,四川成都,1982-02-01,2012-04-01,2018.1,2018-10-01,1997.02,大学法学学生,xx学院xx专业,大学,xx大学xx专业,,2042-01-31,41.0
246,黄刚,二级主任科员,男,汉,四川成都,1974-07-01,2015-11-01,2017.1,2017-10-01,1997.02,大学法学学生,xx学院xx专业,大学,xx大学xx专业,,2034-06-30,48.0
247,周勇,三级主任科员,女,汉,四川成都,1992-11-01,2019-08-01,2022.03,2022-03-01,1997.02,大学法学学生,xx学院xx专业,大学,xx大学xx专业,,2052-10-31,30.0
248,廉军,四级调研员,男,汉,四川成都,2000-08-01,2020-12-01,2022.04,2022-04-01,1997.02,大学法学学生,xx学院xx专业,大学,xx大学xx专业,,2060-07-31,22.0
249,何健,三级主任科员,男,汉,四川成都,1981-06-01,2011-07-01,2016.04,2016-04-01,1997.02,大学法学学生,xx学院xx专业,大学,xx大学xx专业,,2041-05-31,41.0
250,禹峰,四级调研员,女,汉,四川成都,1985-04-01,2019-06-01,2021.06,2021-06-01,1997.02,大学法学学生,xx学院xx专业,大学,xx大学xx专业,,2045-03-31,38.0
251,喻峰,二级主任科员,男,汉,四川成都,1985-08-01,2020-10-01,2022.07,2022-07-01,1997.02,大学法学学生,xx学院xx专业,大学,xx大学xx专业,,2045-07-31,37.0
252,唐军,副处长,女,汉,四川成都,1971-12-01,1998-10-01,2003.12,2003-12-01,1997.02,大学法学学生,xx学院xx专业,大学,xx大学xx专业,,2031-11-30,51.0
253,尹峰,二级调研员,男,汉,四川成都,1988-09-01,2018-04-01,2020.02,2020-02-01,1997.02,大学法学学生,xx学院xx专业,大学,xx大学xx专业,,2048-08-31,34.0
254,冯俊,四级调研员,女,汉,四川成都,1980-01-01,2009-11-01,2017.04,2017-04-01,1997.02,大学法学学生,xx学院xx专业,大学,xx大学xx专业,,2039-12-31,43.0
255,窦俊,一级科员,男,汉,四川成都,1993-08-01,2013-08-01,2015.03,2015-03-01,1997.02,大学法学学生,xx学院xx专业,大学,xx大学xx专业,,2053-07-31,29.0
256,康勇,四级主任科员,女,汉,四川成都,1963-06-01,1993-09-01,2019.12,2019-12-01,1997.02,大学法学学生,xx学院xx专业,大学,xx大学xx专业,,2023-05-31,59.0
257,邵勇,三级主任科员,男,汉,四川成都,1989-05-01,2017-06-01,2019.04,2019-04-01,1997.02,大学法学学生,xx学院xx专业,大学,xx大学xx专业,,2049-04-30,34.0
258,魏军,三级调研员,女,汉,四川成都,1961-05-01,1987-08-01,1997.08,1997-08-01,1997.02,大学法学学生,xx学院xx专业,大学,xx大学xx专业,,2021-04-30,62.0
259,范峰,三级主任科员,男,汉,四川成都,1990-02-01,2017-05-01,2021.08,2021-08-01,1997.02,大学法学学生,xx学院xx专业,大学,xx大学xx专业,,2050-01-31,33.0
260,邵刚,三级主任科员,女,汉,四川成都,1966-02-01,1997-04-01,2021.07,2021-07-01,1997.02,大学法学学生,xx学院xx专业,大学,xx大学xx专业,,2026-01-31,57.0
261,祝毅,二级调研员,男,汉,四川成都,1968-12-01,2006-07-01,2009.03,2009-03-01,1997.02,大学法学学生,xx学院xx专业,大学,xx大学xx专业,,2028-11-30,54.0
262,华强,四级调研员,男,汉,四川成都,1990-06-01,2010-05-01,2013.06,2013-06-01,1997.02,大学法学学生,xx学院xx专业,大学,xx大学xx专业,,2050-05-31,32.0
263,祁毅,一级科员,女,汉,四川成都,1988-03-01,2008-05-01,2013.03,2013-03-01,1997.02,大学法学学生,xx学院xx专业,大学,xx大学xx专业,,2048-02-29,35.0
264,邹毅,二级科员,女,汉,四川成都,1959-09-01,2019-05-01,2021.1,2021-10-01,1997.02,大学法学学生,xx学院xx专业,大学,xx大学xx专业,,2019-08-31,63.0
265,陈刚,二级科员,男,汉,四川成都,1988-01-01,2012-06-01,2014.04,2014-04-01,1997.02,大学法学学生,xx学院xx专业,大学,xx大学xx专业,,2047-12-31,35.0
266,鲍勇,三级调研员,女,汉,四川成都,1981-12-01,2018-08-01,2022.12,2022-12-01,1997.02,大学法学学生,xx学院xx专业,大学,xx大学xx专业,,2041-11-30,41.0
267,沈军,二级主任科员,男,汉,四川成都,1967-07-01,1989-12-01,2017.05,2017-05-01,1997.02,大学法学学生,xx学院xx专业,大学,xx大学xx专业,,2027-06-30,55.0
268,尤健,四级调研员,女,汉,四川成都,1984-04-01,2014-04-01,2020.06,2020-06-01,1997.02,大学法学学生,xx学院xx专业,大学,xx大学xx专业,,2044-03-31,39.0
269,窦强,一级主任科员,男,汉,四川成都,1997-11-01,2018-03-01,2020.03,2020-03-01,1997.02,大学法学学生,xx学院xx专业,大学,xx大学xx专业,,2057-10-31,25.0
270,卞杰,二级调研员,女,汉,四川成都,1984-05-01,2006-09-01,2019.02,2019-02-01,1997.02,大学法学学生,xx学院xx专业,大学,xx大学xx专业,,2044-04-30,39.0
271,殷毅,一级科员,女,汉,四川成都,1988-07-01,2015-08-01,2019.01,2019-01-01,1997.02,大学法学学生,xx学院xx专业,大学,xx大学xx专业,,2048-06-30,34.0
272,张伟,二级主任科员,男,汉,四川成都,1963-05-01,1984-10-01,1996.01,1996-01-01,1997.02,大学法学学生,xx学院xx专业,大学,xx大学xx专业,,2023-04-30,60.0
273,鲍健,处长,男,汉,四川成都,1979-05-01,2007-01-01,2014.1,2014-10-01,1997.02,大学法学学生,xx学院xx专业,大学,xx大学xx专业,,2039-04-30,44.0
274,赵俊,四级调研员,男,汉,四川成都,1963-10-01,1985-02-01,2013.02,2013-02-01,1997.02,大学法学学生,xx学院xx专业,大学,xx大学xx专业,,2023-09-30,59.0
275,严毅,二级调研员,女,汉,四川成都,1973-10-01,2010-04-01,2012.09,2012-09-01,1997.02,大学法学学生,xx学院xx专业,大学,xx大学xx专业,,2033-09-30,49.0
276,喻毅,二级调研员,女,汉,四川成都,1989-05-01,2020-11-01,2022.12,2022-12-01,1997.02,大学法学学生,xx学院xx专业,大学,xx大学xx专业,,2049-04-30,34.0
277,计强,四级调研员,男,汉,四川成都,1977-06-01,2001-07-01,2012.1,2012-10-01,1997.02,大学法学学生,xx学院xx专业,大学,xx大学xx专业,,2037-05-31,45.0
278,卫毅,三级调研员,女,汉,四川成都,1967-10-01,1996-01-01,2012.01,2012-01-01,1997.02,大学法学学生,xx学院xx专业,大学,xx大学xx专业,,2027-09-30,55.0
279,卫强,一级科员,男,汉,四川成都,1994-06-01,2020-04-01,2022.01,2022-01-01,1997.02,大学法学学生,xx学院xx专业,大学,xx大学xx专业,,2054-05-31,28.0
280,汪伟,一级科员,男,汉,四川成都,1973-08-01,2011-09-01,2021.09,2021-09-01,1997.02,大学法学学生,xx学院xx专业,大学,xx大学xx专业,,2033-07-31,49.0
281,倪俊,二级主任科员,女,汉,四川成都,1984-01-01,2009-02-01,2018.12,2018-12-01,1997.02,大学法学学生,xx学院xx专业,大学,xx大学xx专业,,2043-12-31,39.0
282,吕峰,一级主任科员,男,汉,四川成都,1959-03-01,2011-01-01,2016.06,2016-06-01,1997.02,大学法学学生,xx学院xx专业,大学,xx大学xx专业,,2019-02-28,64.0
283,廉健,三级调研员,女,汉,四川成都,1955-07-01,2004-08-01,2009.08,2009-08-01,1997.02,大学法学学生,xx学院xx专业,大学,xx大学xx专业,,2015-06-30,67.0
284,尹健,四级调研员,女,汉,四川成都,1965-06-01,1994-01-01,2018.06,2018-06-01,1997.02,大学法学学生,xx学院xx专业,大学,xx大学xx专业,,2025-05-31,57.0
285,苏杰,三级调研员,男,汉,四川成都,1986-07-01,2007-09-01,2012.11,2012-11-01,1997.02,大学法学学生,xx学院xx专业,大学,xx大学xx专业,,2046-06-30,36.0
286,苗强,四级调研员,女,汉,四川成都,1983-07-01,2010-03-01,2018.05,2018-05-01,1997.02,大学法学学生,xx学院xx专业,大学,xx大学xx专业,,2043-06-30,39.0
287,孙杰,三级主任科员,女,汉,四川成都,1978-02-01,2002-03-01,2008.07,2008-07-01,1997.02,大学法学学生,xx学院xx专业,大学,xx大学xx专业,,2038-01-31,45.0
288,酆勇,一级主任科员,男,汉,四川成都,1990-10-01,2014-07-01,2017.01,2017-01-01,1997.02,大学法学学生,xx学院xx专业,大学,xx大学xx专业,,2050-09-30,32.0
289,许军,四级调研员,女,汉,四川成都,1984-11-01,2017-01-01,2020.08,2020-08-01,1997.02,大学法学学生,xx学院xx专业,大学,xx大学xx专业,,2044-10-31,38.0
290,章杰,三级主任科员,男,汉,四川成都,1956-06-01,2017-12-01,2019.1,2019-10-01,1997.02,大学法学学生,xx学院xx专业,大学,xx大学xx专业,,2016-05-31,66.0
291,张杰,四级主任科员,男,汉,四川成都,1992-10-01,2015-03-01,2019.02,2019-02-01,1997.02,大学法学学生,xx学院xx专业,大学,xx大学xx专业,,2052-09-30,30.0
292,殷健,三级调研员,男,汉,四川成都,1996-02-01,2020-01-01,2022.02,2022-02-01,1997.02,大学法学学生,xx学院xx专业,大学,xx大学xx专业,,2056-01-31,27.0
293,韦健,二级主任科员,女,汉,四川成都,1975-04-01,2009-10-01,2021.05,2021-05-01,1997.02,大学法学学生,xx学院xx专业,大学,xx大学xx专业,,2035-03-31,48.0
294,张刚,四级调研员,男,汉,四川成都,1984-10-01,2007-07-01,2018.01,2018-01-01,1997.02,大学法学学生,xx学院xx专业,大学,xx大学xx专业,,2044-09-30,38.0
295,穆军,一级主任科员,男,汉,四川成都,1958-06-01,2005-05-01,2007.01,2007-01-01,1997.02,大学法学学生,xx学院xx专业,大学,xx大学xx专业,,2018-05-31,64.0
296,凤健,二级主任科员,男,汉,四川成都,1981-09-01,2015-01-01,2021.06,2021-06-01,1997.02,大学法学学生,xx学院xx专业,大学,xx大学xx专业,,2041-08-31,41.0
297,顾刚,四级调研员,女,汉,四川成都,1966-03-01,2013-11-01,2020.05,2020-05-01,1997.02,大学法学学生,xx学院xx专业,大学,xx大学xx专业,,2026-02-28,57.0
298,酆杰,二级主任科员,男,汉,四川成都,1966-02-01,1993-10-01,2014.12,2014-12-01,1997.02,大学法学学生,xx学院xx专业,大学,xx大学xx专业,,2026-01-31,57.0
299,奚峰,三级调研员,女,汉,四川成都,1985-05-01,2019-11-01,2021.01,2021-01-01,1997.02,大学法学学生,xx学院xx专业,大学,xx大学xx专业,,2045-04-30,38.0
300,常杰,三级调研员,女,汉,四川成都,1966-11-01,1997-09-01,2014.06,2014-06-01,1997.02,大学法学学生,xx学院xx专业,大学,xx大学xx专业,,2026-10-31,56.0
301,祝健,三级主任科员,男,汉,四川成都,1967-02-01,1993-04-01,2006.12,2006-12-01,1997.02,大学法学学生,xx学院xx专业,大学,xx大学xx专业,,2027-01-31,56.0
302,昌伟,二级调研员,男,汉,四川成都,1983-06-01,2013-01-01,2020.12,2020-12-01,1997.02,大学法学学生,xx学院xx专业,大学,xx大学xx专业,,2043-05-31,39.0
303,柏健,一级主任科员,男,汉,四川成都,1995-12-01,2015-07-01,2021.1,2021-10-01,1997.02,大学法学学生,xx学院xx专业,大学,xx大学xx专业,,2055-11-30,27.0
304,宋军,副处长,男,汉,四川成都,1977-03-01,1999-03-01,2015.03,2015-03-01,1997.02,大学法学学生,xx学院xx专业,大学,xx大学xx专业,,2037-02-28,46.0
305,滕俊,二级科员,女,汉,四川成都,1987-11-01,2017-05-01,2021.02,2021-02-01,1997.02,大学法学学生,xx学院xx专业,大学,xx大学xx专业,,2047-10-31,35.0
306,彭强,二级主任科员,女,汉,四川成都,1999-12-01,2020-10-01,2022.04,2022-04-01,1997.02,大学法学学生,xx学院xx专业,大学,xx大学xx专业,,2059-11-30,23.0
307,鲍伟,二级调研员,女,汉,四川成都,1983-09-01,2005-09-01,2021.01,2021-01-01,1997.02,大学法学学生,xx学院xx专业,大学,xx大学xx专业,,2043-08-31,39.0
308,钱俊,四级调研员,女,汉,四川成都,1980-10-01,2008-04-01,2015.06,2015-06-01,1997.02,大学法学学生,xx学院xx专业,大学,xx大学xx专业,,2040-09-30,42.0
309,沈勇,二级调研员,男,汉,四川成都,1976-05-01,2012-11-01,2017.06,2017-06-01,1997.02,大学法学学生,xx学院xx专业,大学,xx大学xx专业,,2036-04-30,47.0
310,屈峰,三级主任科员,女,汉,四川成都,1959-03-01,1986-06-01,2009.12,2009-12-01,1997.02,大学法学学生,xx学院xx专业,大学,xx大学xx专业,,2019-02-28,64.0
311,祝刚,三级调研员,女,汉,四川成都,1976-08-01,2018-08-01,2020.06,2020-06-01,1997.02,大学法学学生,xx学院xx专业,大学,xx大学xx专业,,2036-07-31,46.0
312,朱勇,处长,男,汉,四川成都,1970-12-01,2006-01-01,2011.03,2011-03-01,1997.02,大学法学学生,xx学院xx专业,大学,xx大学xx专业,,2030-11-30,52.0
313,鲁刚,二级调研员,男,汉,四川成都,1959-11-01,2006-03-01,2022.08,2022-08-01,1997.02,大学法学学生,xx学院xx专业,大学,xx大学xx专业,,2019-10-31,63.0
314,汤军,一级科员,女,汉,四川成都,1971-09-01,2012-12-01,2019.02,2019-02-01,1997.02,大学法学学生,xx学院xx专业,大学,xx大学xx专业,,2031-08-31,51.0
315,顾峰,一级主任科员,女,汉,四川成都,1979-09-01,2014-02-01,2018.1,2018-10-01,1997.02,大学法学学生,xx学院xx专业,大学,xx大学xx专业,,2039-08-31,43.0
316,臧健,三级调研员,女,汉,四川成都,1976-11-01,2011-10-01,2022.01,2022-01-01,1997.02,大学法学学生,xx学院xx专业,大学,xx大学xx专业,,2036-10-31,46.0
317,禹勇,二级主任科员,男,汉,四川成都,1976-04-01,2004-04-01,2022.1,2022-10-01,1997.02,大学法学学生,xx学院xx专业,大学,xx大学xx专业,,2036-03-31,47.0
318,雷健,二级主任科员,女,汉,四川成都,1976-01-01,1997-04-01,2003.06,2003-06-01,1997.02,大学法学学生,xx学院xx专业,大学,xx大学xx专业,,2035-12-31,47.0
319,孔杰,三级主任科员,女,汉,四川成都,1971-10-01,2015-08-01,2021.11,2021-11-01,1997.02,大学法学学生,xx学院xx专业,大学,xx大学xx专业,,2031-09-30,51.0
320,孙勇,二级主任科员,男,汉,四川成都,1962-10-01,1991-09-01,1994.05,1994-05-01,1997.02,大学法学学生,xx学院xx专业,大学,xx大学xx专业,,2022-09-30,60.0
321,孙健,三级主任科员,女,汉,四川成都,1993-02-01,2015-03-01,2019.09,2019-09-01,1997.02,大学法学学生,xx学院xx专业,大学,xx大学xx专业,,2053-01-31,30.0
322,毕健,四级调研员,女,汉,四川成都,1958-09-01,2009-10-01,2022.06,2022-06-01,1997.02,大学法学学生,xx学院xx专业,大学,xx大学xx专业,,2018-08-31,64.0
323,岑强,二级调研员,女,汉,四川成都,1963-12-01,2003-06-01,2017.08,2017-08-01,1997.02,大学法学学生,xx学院xx专业,大学,xx大学xx专业,,2023-11-30,59.0
324,茅刚,四级调研员,男,汉,四川成都,1964-01-01,1984-05-01,2015.07,2015-07-01,1997.02,大学法学学生,xx学院xx专业,大学,xx大学xx专业,,2023-12-31,59.0
325,邹峰,四级主任科员,女,汉,四川成都,1992-01-01,2020-03-01,2022.06,2022-06-01,1997.02,大学法学学生,xx学院xx专业,大学,xx大学xx专业,,2051-12-31,31.0
326,曹杰,二级调研员,女,汉,四川成都,1989-11-01,2011-05-01,2015.07,2015-07-01,1997.02,大学法学学生,xx学院xx专业,大学,xx大学xx专业,,2049-10-31,33.0
327,苏军,四级主任科员,女,汉,四川成都,1994-10-01,2018-12-01,2022.05,2022-05-01,1997.02,大学法学学生,xx学院xx专业,大学,xx大学xx专业,,2054-09-30,28.0
328,水军,二级主任科员,女,汉,四川成都,1992-07-01,2012-03-01,2015.04,2015-04-01,1997.02,大学法学学生,xx学院xx专业,大学,xx大学xx专业,,2052-06-30,30.0
329,凤杰,二级主任科员,女,汉,四川成都,1988-04-01,2012-11-01,2022.12,2022-12-01,1997.02,大学法学学生,xx学院xx专业,大学,xx大学xx专业,,2048-03-31,35.0
330,雷强,四级调研员,女,汉,四川成都,1982-05-01,2005-03-01,2016.1,2016-10-01,1997.02,大学法学学生,xx学院xx专业,大学,xx大学xx专业,,2042-04-30,41.0
331,唐刚,一级科员,女,汉,四川成都,1992-11-01,2013-11-01,2022.06,2022-06-01,1997.02,大学法学学生,xx学院xx专业,大学,xx大学xx专业,,2052-10-31,30.0
332,奚刚,三级调研员,男,汉,四川成都,1964-04-01,1988-12-01,2008.01,2008-01-01,1997.02,大学法学学生,xx学院xx专业,大学,xx大学xx专业,,2024-03-31,59.0
333,滕强,三级调研员,女,汉,四川成都,1999-01-01,2020-12-01,2022.09,2022-09-01,1997.02,大学法学学生,xx学院xx专业,大学,xx大学xx专业,,2058-12-31,24.0
334,滕勇,三级调研员,男,汉,四川成都,1960-04-01,2003-01-01,2018.03,2018-03-01,1997.02,大学法学学生,xx学院xx专业,大学,xx大学xx专业,,2020-03-31,63.0
335,萧健,二级主任科员,男,汉,四川成都,1959-06-01,1987-11-01,2016.09,2016-09-01,1997.02,大学法学学生,xx学院xx专业,大学,xx大学xx专业,,2019-05-31,63.0
336,汤刚,二级调研员,男,汉,四川成都,1992-12-01,2017-03-01,2019.04,2019-04-01,1997.02,大学法学学生,xx学院xx专业,大学,xx大学xx专业,,2052-11-30,30.0
337,祁峰,二级调研员,女,汉,四川成都,1983-07-01,2019-07-01,2021.07,2021-07-01,1997.02,大学法学学生,xx学院xx专业,大学,xx大学xx专业,,2043-06-30,39.0
338,谈强,三级调研员,男,汉,四川成都,1963-12-01,2014-06-01,2021.02,2021-02-01,1997.02,大学法学学生,xx学院xx专业,大学,xx大学xx专业,,2023-11-30,59.0
339,安伟,三级主任科员,女,汉,四川成都,1962-10-01,2003-11-01,2009.03,2009-03-01,1997.02,大学法学学生,xx学院xx专业,大学,xx大学xx专业,,2022-09-30,60.0
340,花毅,三级调研员,女,汉,四川成都,1965-04-01,1990-08-01,1998.05,1998-05-01,1997.02,大学法学学生,xx学院xx专业,大学,xx大学xx专业,,2025-03-31,58.0
341,卞健,三级调研员,女,汉,四川成都,2000-02-01,2020-05-01,2022.12,2022-12-01,1997.02,大学法学学生,xx学院xx专业,大学,xx大学xx专业,,2060-01-31,23.0
342,张健,三级调研员,女,汉,四川成都,1986-05-01,2015-06-01,2017.01,2017-01-01,1997.02,大学法学学生,xx学院xx专业,大学,xx大学xx专业,,2046-04-30,37.0
343,钱峰,副处长,女,汉,四川成都,1999-08-01,2020-03-01,2022.09,2022-09-01,1997.02,大学法学学生,xx学院xx专业,大学,xx大学xx专业,,2059-07-31,23.0
344,俞强,一级主任科员,女,汉,四川成都,1988-01-01,2013-01-01,2019.03,2019-03-01,1997.02,大学法学学生,xx学院xx专业,大学,xx大学xx专业,,2047-12-31,35.0
345,马健,一级主任科员,男,汉,四川成都,1981-11-01,2009-02-01,2013.02,2013-02-01,1997.02,大学法学学生,xx学院xx专业,大学,xx大学xx专业,,2041-10-31,41.0
346,陶杰,四级主任科员,男,汉,四川成都,1987-12-01,2009-07-01,2012.06,2012-06-01,1997.02,大学法学学生,xx学院xx专业,大学,xx大学xx专业,,2047-11-30,35.0
347,钱健,三级调研员,女,汉,四川成都,1959-08-01,2003-11-01,2014.04,2014-04-01,1997.02,大学法学学生,xx学院xx专业,大学,xx大学xx专业,,2019-07-31,63.0
348,贝勇,二级主任科员,女,汉,四川成都,1985-12-01,2017-01-01,2021.12,2021-12-01,1997.02,大学法学学生,xx学院xx专业,大学,xx大学xx专业,,2045-11-30,37.0
349,鲍军,一级主任科员,女,汉,四川成都,1969-03-01,2009-01-01,2017.12,2017-12-01,1997.02,大学法学学生,xx学院xx专业,大学,xx大学xx专业,,2029-02-28,54.0
350,伍强,一级主任科员,女,汉,四川成都,1998-02-01,2019-08-01,2022.05,2022-05-01,1997.02,大学法学学生,xx学院xx专业,大学,xx大学xx专业,,2058-01-31,25.0
351,曹军,一级主任科员,男,汉,四川成都,1966-05-01,2001-12-01,2007.06,2007-06-01,1997.02,大学法学学生,xx学院xx专业,大学,xx大学xx专业,,2026-04-30,57.0
352,朱健,处长,女,汉,四川成都,1958-05-01,2007-12-01,2020.03,2020-03-01,1997.02,大学法学学生,xx学院xx专业,大学,xx大学xx专业,,2018-04-30,65.0
353,伍刚,一级科员,女,汉,四川成都,1958-03-01,2010-05-01,2013.09,2013-09-01,1997.02,大学法学学生,xx学院xx专业,大学,xx大学xx专业,,2018-02-28,65.0
354,邹健,三级调研员,女,汉,四川成都,1974-06-01,2008-05-01,2013.03,2013-03-01,1997.02,大学法学学生,xx学院xx专业,大学,xx大学xx专业,,2034-05-31,48.0
355,吴毅,三级调研员,女,汉,四川成都,1957-04-01,2002-05-01,2012.04,2012-04-01,1997.02,大学法学学生,xx学院xx专业,大学,xx大学xx专业,,2017-03-31,66.0
356,赵毅,三级调研员,男,汉,四川成都,1978-04-01,2016-10-01,2021.11,2021-11-01,1997.02,大学法学学生,xx学院xx专业,大学,xx大学xx专业,,2038-03-31,45.0
357,岑毅,一级主任科员,男,汉,四川成都,1988-10-01,2017-10-01,2022.12,2022-12-01,1997.02,大学法学学生,xx学院xx专业,大学,xx大学xx专业,,2048-09-30,34.0
358,许强,一级主任科员,女,汉,四川成都,1999-09-01,2020-04-01,2022.1,2022-10-01,1997.02,大学法学学生,xx学院xx专业,大学,xx大学xx专业,,2059-08-31,23.0
359,吴强,四级主任科员,女,汉,四川成都,1981-07-01,2009-07-01,2016.12,2016-12-01,1997.02,大学法学学生,xx学院xx专业,大学,xx大学xx专业,,2041-06-30,41.0
360,庞健,二级主任科员,男,汉,四川成都,1956-04-01,2012-03-01,2017.06,2017-06-01,1997.02,大学法学学生,xx学院xx专业,大学,xx大学xx专业,,2016-03-31,67.0
361,韦军,一级科员,男,汉,四川成都,1965-01-01,1993-05-01,1998.05,1998-05-01,1997.02,大学法学学生,xx学院xx专业,大学,xx大学xx专业,,2024-12-31,58.0
362,董强,四级调研员,女,汉,四川成都,1962-05-01,1988-06-01,2010.05,2010-05-01,1997.02,大学法学学生,xx学院xx专业,大学,xx大学xx专业,,2022-04-30,61.0
363,花勇,三级主任科员,男,汉,四川成都,1988-04-01,2012-08-01,2019.08,2019-08-01,1997.02,大学法学学生,xx学院xx专业,大学,xx大学xx专业,,2048-03-31,35.0
364,施毅,二级主任科员,男,汉,四川成都,1955-04-01,1986-11-01,2007.03,2007-03-01,1997.02,大学法学学生,xx学院xx专业,大学,xx大学xx专业,,2015-03-31,68.0
365,费俊,二级科员,男,汉,四川成都,1982-11-01,2006-03-01,2011.07,2011-07-01,1997.02,大学法学学生,xx学院xx专业,大学,xx大学xx专业,,2042-10-31,40.0
366,韦杰,三级调研员,女,汉,四川成都,1958-07-01,1988-04-01,2010.08,2010-08-01,1997.02,大学法学学生,xx学院xx专业,大学,xx大学xx专业,,2018-06-30,64.0
367,费健,一级科员,男,汉,四川成都,1961-03-01,2002-03-01,2018.12,2018-12-01,1997.02,大学法学学生,xx学院xx专业,大学,xx大学xx专业,,2021-02-28,62.0
368,褚军,三级调研员,女,汉,四川成都,1980-03-01,2004-01-01,2009.03,2009-03-01,1997.02,大学法学学生,xx学院xx专业,大学,xx大学xx专业,,2040-02-29,43.0
369,姜强,一级主任科员,男,汉,四川成都,1970-06-01,2004-08-01,2015.01,2015-01-01,1997.02,大学法学学生,xx学院xx专业,大学,xx大学xx专业,,2030-05-31,52.0
370,元健,二级科员,男,汉,四川成都,1978-11-01,2010-12-01,2022.01,2022-01-01,1997.02,大学法学学生,xx学院xx专业,大学,xx大学xx专业,,2038-10-31,44.0
371,姚健,二级科员,男,汉,四川成都,1959-04-01,2004-05-01,2007.08,2007-08-01,1997.02,大学法学学生,xx学院xx专业,大学,xx大学xx专业,,2019-03-31,64.0
372,时勇,一级主任科员,女,汉,四川成都,1970-07-01,2016-12-01,2018.06,2018-06-01,1997.02,大学法学学生,xx学院xx专业,大学,xx大学xx专业,,2030-06-30,52.0
373,臧峰,四级主任科员,男,汉,四川成都,1980-02-01,2019-01-01,2022.09,2022-09-01,1997.02,大学法学学生,xx学院xx专业,大学,xx大学xx专业,,2040-01-31,43.0
374,顾杰,四级调研员,女,汉,四川成都,1958-12-01,1986-09-01,1999.07,1999-07-01,1997.02,大学法学学生,xx学院xx专业,大学,xx大学xx专业,,2018-11-30,64.0
375,邬毅,一级科员,男,汉,四川成都,1994-03-01,2014-01-01,2017.01,2017-01-01,1997.02,大学法学学生,xx学院xx专业,大学,xx大学xx专业,,2054-02-28,29.0
376,钱伟,四级调研员,女,汉,四川成都,1966-12-01,2014-11-01,2020.1,2020-10-01,1997.02,大学法学学生,xx学院xx专业,大学,xx大学xx专业,,2026-11-30,56.0
377,苗毅,三级调研员,女,汉,四川成都,1961-04-01,2014-06-01,2018.02,2018-02-01,1997.02,大学法学学生,xx学院xx专业,大学,xx大学xx专业,,2021-03-31,62.0
378,许健,二级调研员,女,汉,四川成都,1971-11-01,2019-03-01,2022.02,2022-02-01,1997.02,大学法学学生,xx学院xx专业,大学,xx大学xx专业,,2031-10-31,51.0
379,冯杰,四级调研员,男,汉,四川成都,1968-09-01,2011-07-01,2013.08,2013-08-01,1997.02,大学法学学生,xx学院xx专业,大学,xx大学xx专业,,2028-08-31,54.0
380,柳杰,四级调研员,男,汉,四川成都,1980-11-01,2000-11-01,2019.04,2019-04-01,1997.02,大学法学学生,xx学院xx专业,大学,xx大学xx专业,,2040-10-31,42.0
381,鲁勇,一级科员,女,汉,四川成都,1980-12-01,2016-01-01,2019.12,2019-12-01,1997.02,大学法学学生,xx学院xx专业,大学,xx大学xx专业,,2040-11-30,42.0
382,常伟,一级主任科员,男,汉,四川成都,1964-02-01,1996-11-01,2012.11,2012-11-01,1997.02,大学法学学生,xx学院xx专业,大学,xx大学xx专业,,2024-01-31,59.0
383,严刚,处长,女,汉,四川成都,1977-12-01,2002-02-01,2016.03,2016-03-01,1997.02,大学法学学生,xx学院xx专业,大学,xx大学xx专业,,2037-11-30,45.0
384,元峰,二级调研员,男,汉,四川成都,1971-01-01,1995-11-01,1998.05,1998-05-01,1997.02,大学法学学生,xx学院xx专业,大学,xx大学xx专业,,2030-12-31,52.0
385,贺强,二级调研员,女,汉,四川成都,1987-06-01,2008-04-01,2012.1,2012-10-01,1997.02,大学法学学生,xx学院xx专业,大学,xx大学xx专业,,2047-05-31,35.0
386,萧伟,副处长,男,汉,四川成都,1964-08-01,1999-07-01,2004.01,2004-01-01,1997.02,大学法学学生,xx学院xx专业,大学,xx大学xx专业,,2024-07-31,58.0
387,和健,二级主任科员,女,汉,四川成都,1994-03-01,2017-04-01,2021.04,2021-04-01,1997.02,大学法学学生,xx学院xx专业,大学,xx大学xx专业,,2054-02-28,29.0
388,齐强,四级调研员,男,汉,四川成都,1977-03-01,2018-08-01,2020.11,2020-11-01,1997.02,大学法学学生,xx学院xx专业,大学,xx大学xx专业,,2037-02-28,46.0
389,萧军,二级调研员,女,汉,四川成都,1970-02-01,2010-03-01,2012.07,2012-07-01,1997.02,大学法学学生,xx学院xx专业,大学,xx大学xx专业,,2030-01-31,53.0
390,金健,三级调研员,男,汉,四川成都,1963-02-01,2006-10-01,2017.07,2017-07-01,1997.02,大学法学学生,xx学院xx专业,大学,xx大学xx专业,,2023-01-31,60.0
391,魏健,三级调研员,男,汉,四川成都,1957-03-01,2001-04-01,2014.1,2014-10-01,1997.02,大学法学学生,xx学院xx专业,大学,xx大学xx专业,,2017-02-28,66.0
392,萧刚,一级主任科员,男,汉,四川成都,1964-06-01,2004-11-01,2013.02,2013-02-01,1997.02,大学法学学生,xx学院xx专业,大学,xx大学xx专业,,2024-05-31,58.0
393,唐俊,三级主任科员,男,汉,四川成都,1991-03-01,2015-11-01,2019.1,2019-10-01,1997.02,大学法学学生,xx学院xx专业,大学,xx大学xx专业,,2051-02-28,32.0
394,何刚,四级调研员,女,汉,四川成都,1993-02-01,2020-04-01,2022.05,2022-05-01,1997.02,大学法学学生,xx学院xx专业,大学,xx大学xx专业,,2053-01-31,30.0
395,臧毅,二级调研员,男,汉,四川成都,1966-11-01,1995-12-01,2004.12,2004-12-01,1997.02,大学法学学生,xx学院xx专业,大学,xx大学xx专业,,2026-10-31,56.0
396,吴军,三级调研员,男,汉,四川成都,1978-10-01,2017-03-01,2019.09,2019-09-01,1997.02,大学法学学生,xx学院xx专业,大学,xx大学xx专业,,2038-09-30,44.0
397,邹军,二级科员,女,汉,四川成都,1980-06-01,2010-08-01,2018.07,2018-07-01,1997.02,大学法学学生,xx学院xx专业,大学,xx大学xx专业,,2040-05-31,42.0
398,韦峰,三级调研员,女,汉,四川成都,1963-04-01,2019-06-01,2021.1,2021-10-01,1997.02,大学法学学生,xx学院xx专业,大学,xx大学xx专业,,2023-03-31,60.0
399,吴健,二级科员,女,汉,四川成都,1980-02-01,2010-06-01,2016.11,2016-11-01,1997.02,大学法学学生,xx学院xx专业,大学,xx大学xx专业,,2040-01-31,43.0
400,滕健,四级调研员,男,汉,四川成都,1968-05-01,2005-02-01,2018.08,2018-08-01,1997.02,大学法学学生,xx学院xx专业,大学,xx大学xx专业,,2028-04-30,55.0
401,谢健,三级调研员,男,汉,四川成都,1981-03-01,2018-03-01,2020.05,2020-05-01,1997.02,大学法学学生,xx学院xx专业,大学,xx大学xx专业,,2041-02-28,42.0
402,和军,二级主任科员,男,汉,四川成都,1982-04-01,2007-05-01,2018.08,2018-08-01,1997.02,大学法学学生,xx学院xx专业,大学,xx大学xx专业,,2042-03-31,41.0
403,岑军,一级科员,男,汉,四川成都,1973-06-01,2006-08-01,2009.09,2009-09-01,1997.02,大学法学学生,xx学院xx专业,大学,xx大学xx专业,,2033-05-31,49.0
404,蒋强,一级主任科员,女,汉,四川成都,1973-07-01,1998-01-01,2010.11,2010-11-01,1997.02,大学法学学生,xx学院xx专业,大学,xx大学xx专业,,2033-06-30,49.0
405,曹伟,二级主任科员,男,汉,四川成都,1988-04-01,2017-10-01,2022.01,2022-01-01,1997.02,大学法学学生,xx学院xx专业,大学,xx大学xx专业,,2048-03-31,35.0
406,茅军,三级主任科员,男,汉,四川成都,1973-06-01,2001-03-01,2020.03,2020-03-01,1997.02,大学法学学生,xx学院xx专业,大学,xx大学xx专业,,2033-05-31,49.0
407,昌健,三级主任科员,女,汉,四川成都,1967-09-01,1995-08-01,1999.08,1999-08-01,1997.02,大学法学学生,xx学院xx专业,大学,xx大学xx专业,,2027-08-31,55.0
408,伍健,四级主任科员,男,汉,四川成都,1989-10-01,2014-07-01,2020.04,2020-04-01,1997.02,大学法学学生,xx学院xx专业,大学,xx大学xx专业,,2049-09-30,33.0
409,许勇,二级主任科员,男,汉,四川成都,1961-07-01,2009-05-01,2013.09,2013-09-01,1997.02,大学法学学生,xx学院xx专业,大学,xx大学xx专业,,2021-06-30,61.0
410,韩俊,四级主任科员,女,汉,四川成都,1994-08-01,2020-06-01,2022.04,2022-04-01,1997.02,大学法学学生,xx学院xx专业,大学,xx大学xx专业,,2054-07-31,28.0
411,云刚,二级调研员,男,汉,四川成都,1996-01-01,2017-08-01,2020.03,2020-03-01,1997.02,大学法学学生,xx学院xx专业,大学,xx大学xx专业,,2055-12-31,27.0
412,穆峰,四级调研员,女,汉,四川成都,1967-02-01,2010-01-01,2012.11,2012-11-01,1997.02,大学法学学生,xx学院xx专业,大学,xx大学xx专业,,2027-01-31,56.0
413,尹伟,二级主任科员,女,汉,四川成都,1955-11-01,1994-08-01,2011.09,2011-09-01,1997.02,大学法学学生,xx学院xx专业,大学,xx大学xx专业,,2015-10-31,67.0
414,姜伟,二级调研员,女,汉,四川成都,1995-01-01,2020-04-01,2022.07,2022-07-01,1997.02,大学法学学生,xx学院xx专业,大学,xx大学xx专业,,2054-12-31,28.0
415,和杰,一级主任科员,女,汉,四川成都,1972-03-01,2008-01-01,2013.07,2013-07-01,1997.02,大学法学学生,xx学院xx专业,大学,xx大学xx专业,,2032-02-29,51.0
416,杨杰,二级调研员,男,汉,四川成都,1983-09-01,2013-02-01,2016.1,2016-10-01,1997.02,大学法学学生,xx学院xx专业,大学,xx大学xx专业,,2043-08-31,39.0
417,沈毅,四级调研员,男,汉,四川成都,1986-06-01,2016-08-01,2022.07,2022-07-01,1997.02,大学法学学生,xx学院xx专业,大学,xx大学xx专业,,2046-05-31,36.0
418,时杰,二级主任科员,女,汉,四川成都,1998-02-01,2020-07-01,2022.12,2022-12-01,1997.02,大学法学学生,xx学院xx专业,大学,xx大学xx专业,,2058-01-31,25.0
419,郑俊,四级调研员,男,汉,四川成都,1972-05-01,2013-05-01,2021.09,2021-09-01,1997.02,大学法学学生,xx学院xx专业,大学,xx大学xx专业,,2032-04-30,51.0
420,卜刚,四级主任科员,男,汉,四川成都,1958-08-01,2008-03-01,2019.11,2019-11-01,1997.02,大学法学学生,xx学院xx专业,大学,xx大学xx专业,,2018-07-31,64.0
421,何杰,四级主任科员,男,汉,四川成都,1963-09-01,2008-01-01,2011.02,2011-02-01,1997.02,大学法学学生,xx学院xx专业,大学,xx大学xx专业,,2023-08-31,59.0
422,顾毅,四级主任科员,男,汉,四川成都,1961-09-01,2020-12-01,2022.06,2022-06-01,1997.02,大学法学学生,xx学院xx专业,大学,xx大学xx专业,,2021-08-31,61.0
423,尹强,二级调研员,女,汉,四川成都,1978-01-01,2013-11-01,2015.08,2015-08-01,1997.02,大学法学学生,xx学院xx专业,大学,xx大学xx专业,,2037-12-31,45.0
424,皮杰,一级科员,女,汉,四川成都,1992-07-01,2019-01-01,2021.1,2021-10-01,1997.02,大学法学学生,xx学院xx专业,大学,xx大学xx专业,,2052-06-30,30.0
425,彭俊,副处长,男,汉,四川成都,1964-11-01,2018-04-01,2022.05,2022-05-01,1997.02,大学法学学生,xx学院xx专业,大学,xx大学xx专业,,2024-10-31,58.0
426,孔峰,四级主任科员,男,汉,四川成都,1974-03-01,2005-02-01,2021.09,2021-09-01,1997.02,大学法学学生,xx学院xx专业,大学,xx大学xx专业,,2034-02-28,49.0
427,戴俊,四级主任科员,女,汉,四川成都,1991-12-01,2013-01-01,2021.03,2021-03-01,1997.02,大学法学学生,xx学院xx专业,大学,xx大学xx专业,,2051-11-30,31.0
428,云勇,二级调研员,女,汉,四川成都,1979-03-01,2017-07-01,2021.02,2021-02-01,1997.02,大学法学学生,xx学院xx专业,大学,xx大学xx专业,,2039-02-28,44.0
429,康杰,四级调研员,男,汉,四川成都,1962-05-01,1993-01-01,2014.1,2014-10-01,1997.02,大学法学学生,xx学院xx专业,大学,xx大学xx专业,,2022-04-30,61.0
430,蒋伟,一级科员,男,汉,四川成都,1993-01-01,2017-10-01,2022.09,2022-09-01,1997.02,大学法学学生,xx学院xx专业,大学,xx大学xx专业,,2052-12-31,30.0
431,姜杰,二级调研员,女,汉,四川成都,1971-10-01,2000-04-01,2012.07,2012-07-01,1997.02,大学法学学生,xx学院xx专业,大学,xx大学xx专业,,2031-09-30,51.0
432,康军,二级主任科员,男,汉,四川成都,1992-04-01,2017-12-01,2020.04,2020-04-01,1997.02,大学法学学生,xx学院xx专业,大学,xx大学xx专业,,2052-03-31,31.0
433,于伟,二级调研员,男,汉,四川成都,1968-11-01,2005-02-01,2014.04,2014-04-01,1997.02,大学法学学生,xx学院xx专业,大学,xx大学xx专业,,2028-10-31,54.0
434,明勇,二级主任科员,女,汉,四川成都,1990-02-01,2016-09-01,2021.07,2021-07-01,1997.02,大学法学学生,xx学院xx专业,大学,xx大学xx专业,,2050-01-31,33.0
435,项杰,四级调研员,男,汉,四川成都,1992-08-01,2012-06-01,2022.04,2022-04-01,1997.02,大学法学学生,xx学院xx专业,大学,xx大学xx专业,,2052-07-31,30.0
436,赵军,三级主任科员,女,汉,四川成都,1966-06-01,1993-08-01,2002.01,2002-01-01,1997.02,大学法学学生,xx学院xx专业,大学,xx大学xx专业,,2026-05-31,56.0
437,计健,四级调研员,女,汉,四川成都,1970-02-01,1994-09-01,2006.1,2006-10-01,1997.02,大学法学学生,xx学院xx专业,大学,xx大学xx专业,,2030-01-31,53.0
438,雷峰,三级调研员,女,汉,四川成都,1967-01-01,2017-08-01,2021.1,2021-10-01,1997.02,大学法学学生,xx学院xx专业,大学,xx大学xx专业,,2026-12-31,56.0
439,王峰,二级调研员,女,汉,四川成都,1981-02-01,2012-05-01,2014.01,2014-01-01,1997.02,大学法学学生,xx学院xx专业,大学,xx大学xx专业,,2041-01-31,42.0
440,项军,二级调研员,男,汉,四川成都,1970-04-01,1996-08-01,1998.04,1998-04-01,1997.02,大学法学学生,xx学院xx专业,大学,xx大学xx专业,,2030-03-31,53.0
441,戚伟,二级调研员,男,汉,四川成都,1960-12-01,2001-07-01,2008.05,2008-05-01,1997.02,大学法学学生,xx学院xx专业,大学,xx大学xx专业,,2020-11-30,62.0
442,郝健,三级调研员,男,汉,四川成都,1970-12-01,2019-12-01,2021.06,2021-06-01,1997.02,大学法学学生,xx学院xx专业,大学,xx大学xx专业,,2030-11-30,52.0
443,乐军,一级科员,女,汉,四川成都,1982-09-01,2017-07-01,2020.07,2020-07-01,1997.02,大学法学学生,xx学院xx专业,大学,xx大学xx专业,,2042-08-31,40.0
444,水强,四级调研员,男,汉,四川成都,1980-01-01,2006-08-01,2016.02,2016-02-01,1997.02,大学法学学生,xx学院xx专业,大学,xx大学xx专业,,2039-12-31,43.0
445,陶毅,三级调研员,女,汉,四川成都,1993-10-01,2016-01-01,2018.11,2018-11-01,1997.02,大学法学学生,xx学院xx专业,大学,xx大学xx专业,,2053-09-30,29.0
446,苗俊,三级调研员,男,汉,四川成都,1956-11-01,1989-08-01,2011.11,2011-11-01,1997.02,大学法学学生,xx学院xx专业,大学,xx大学xx专业,,2016-10-31,66.0
447,郑健,一级主任科员,男,汉,四川成都,1998-05-01,2020-09-01,2022.08,2022-08-01,1997.02,大学法学学生,xx学院xx专业,大学,xx大学xx专业,,2058-04-30,25.0
448,雷军,二级调研员,男,汉,四川成都,1958-11-01,1996-06-01,2004.09,2004-09-01,1997.02,大学法学学生,xx学院xx专业,大学,xx大学xx专业,,2018-10-31,64.0
449,任刚,二级科员,女,汉,四川成都,1981-01-01,2012-07-01,2016.01,2016-01-01,1997.02,大学法学学生,xx学院xx专业,大学,xx大学xx专业,,2040-12-31,42.0
450,湛刚,二级调研员,男,汉,四川成都,1972-06-01,2019-10-01,2021.11,2021-11-01,1997.02,大学法学学生,xx学院xx专业,大学,xx大学xx专业,,2032-05-31,50.0
451,奚军,二级调研员,女,汉,四川成都,1987-11-01,2013-11-01,2015.02,2015-02-01,1997.02,大学法学学生,xx学院xx专业,大学,xx大学xx专业,,2047-10-31,35.0
452,周健,二级科员,男,汉,四川成都,1980-09-01,2006-03-01,2020.05,2020-05-01,1997.02,大学法学学生,xx学院xx专业,大学,xx大学xx专业,,2040-08-31,42.0
453,孙毅,一级科员,女,汉,四川成都,1983-05-01,2004-02-01,2016.02,2016-02-01,1997.02,大学法学学生,xx学院xx专业,大学,xx大学xx专业,,2043-04-30,40.0
454,傅军,三级调研员,女,汉,四川成都,1966-07-01,2010-04-01,2012.01,2012-01-01,1997.02,大学法学学生,xx学院xx专业,大学,xx大学xx专业,,2026-06-30,56.0
455,孔健,三级调研员,女,汉,四川成都,1958-12-01,1994-01-01,1998.1,1998-10-01,1997.02,大学法学学生,xx学院xx专业,大学,xx大学xx专业,,2018-11-30,64.0
456,元军,二级调研员,男,汉,四川成都,1963-10-01,2016-11-01,2019.05,2019-05-01,1997.02,大学法学学生,xx学院xx专业,大学,xx大学xx专业,,2023-09-30,59.0
457,褚勇,三级主任科员,男,汉,四川成都,1994-03-01,2019-07-01,2022.08,2022-08-01,1997.02,大学法学学生,xx学院xx专业,大学,xx大学xx专业,,2054-02-28,29.0
458,任俊,一级主任科员,女,汉,四川成都,1981-12-01,2010-08-01,2016.06,2016-06-01,1997.02,大学法学学生,xx学院xx专业,大学,xx大学xx专业,,2041-11-30,41.0
459,陶健,四级主任科员,女,汉,四川成都,1968-11-01,2005-04-01,2012.02,2012-02-01,1997.02,大学法学学生,xx学院xx专业,大学,xx大学xx专业,,2028-10-31,54.0
460,卫刚,一级主任科员,女,汉,四川成都,1973-09-01,2004-12-01,2018.07,2018-07-01,1997.02,大学法学学生,xx学院xx专业,大学,xx大学xx专业,,2033-08-31,49.0
461,董杰,四级调研员,男,汉,四川成都,1979-04-01,2016-03-01,2018.05,2018-05-01,1997.02,大学法学学生,xx学院xx专业,大学,xx大学xx专业,,2039-03-31,44.0
462,湛伟,四级调研员,男,汉,四川成都,1998-02-01,2019-06-01,2022.06,2022-06-01,1997.02,大学法学学生,xx学院xx专业,大学,xx大学xx专业,,2058-01-31,25.0
463,水健,四级调研员,男,汉,四川成都,1986-10-01,2010-02-01,2014.06,2014-06-01,1997.02,大学法学学生,xx学院xx专业,大学,xx大学xx专业,,2046-09-30,36.0
464,云俊,一级主任科员,男,汉,四川成都,1984-11-01,2010-06-01,2022.12,2022-12-01,1997.02,大学法学学生,xx学院xx专业,大学,xx大学xx专业,,2044-10-31,38.0
465,于俊,二级主任科员,男,汉,四川成都,1994-07-01,2020-05-01,2022.1,2022-10-01,1997.02,大学法学学生,xx学院xx专业,大学,xx大学xx专业,,2054-06-30,28.0
466,米刚,四级主任科员,男,汉,四川成都,1981-09-01,2009-07-01,2012.08,2012-08-01,1997.02,大学法学学生,xx学院xx专业,大学,xx大学xx专业,,2041-08-31,41.0
467,毕军,一级主任科员,男,汉,四川成都,1981-03-01,2004-01-01,2006.11,2006-11-01,1997.02,大学法学学生,xx学院xx专业,大学,xx大学xx专业,,2041-02-28,42.0
468,梁刚,四级调研员,女,汉,四川成都,1964-05-01,1985-05-01,2015.04,2015-04-01,1997.02,大学法学学生,xx学院xx专业,大学,xx大学xx专业,,2024-04-30,59.0
469,曹俊,二级调研员,男,汉,四川成都,1970-09-01,2002-06-01,2021.04,2021-04-01,1997.02,大学法学学生,xx学院xx专业,大学,xx大学xx专业,,2030-08-31,52.0
470,葛毅,二级调研员,女,汉,四川成都,1999-01-01,2020-06-01,2022.09,2022-09-01,1997.02,大学法学学生,xx学院xx专业,大学,xx大学xx专业,,2058-12-31,24.0
471,韦俊,二级调研员,女,汉,四川成都,1967-01-01,2018-10-01,2021.08,2021-08-01,1997.02,大学法学学生,xx学院xx专业,大学,xx大学xx专业,,2026-12-31,56.0
472,严峰,三级主任科员,女,汉,四川成都,1975-09-01,2020-09-01,2022.04,2022-04-01,1997.02,大学法学学生,xx学院xx专业,大学,xx大学xx专业,,2035-08-31,47.0
473,余勇,处长,男,汉,四川成都,1990-07-01,2013-12-01,2022.1,2022-10-01,1997.02,大学法学学生,xx学院xx专业,大学,xx大学xx专业,,2050-06-30,32.0
474,雷勇,三级主任科员,女,汉,四川成都,1983-01-01,2012-12-01,2019.03,2019-03-01,1997.02,大学法学学生,xx学院xx专业,大学,xx大学xx专业,,2042-12-31,40.0
475,成杰,三级调研员,男,汉,四川成都,1964-11-01,1994-11-01,2019.01,2019-01-01,1997.02,大学法学学生,xx学院xx专业,大学,xx大学xx专业,,2024-10-31,58.0
476,皮健,二级主任科员,男,汉,四川成都,1994-03-01,2017-10-01,2022.1,2022-10-01,1997.02,大学法学学生,xx学院xx专业,大学,xx大学xx专业,,2054-02-28,29.0
477,皮峰,三级主任科员,女,汉,四川成都,1968-02-01,2001-05-01,2015.12,2015-12-01,1997.02,大学法学学生,xx学院xx专业,大学,xx大学xx专业,,2028-01-31,55.0
478,纪勇,处长,男,汉,四川成都,1989-06-01,2018-04-01,2021.07,2021-07-01,1997.02,大学法学学生,xx学院xx专业,大学,xx大学xx专业,,2049-05-31,33.0
479,金伟,二级调研员,男,汉,四川成都,1977-10-01,2005-05-01,2022.06,2022-06-01,1997.02,大学法学学生,xx学院xx专业,大学,xx大学xx专业,,2037-09-30,45.0
480,臧刚,二级主任科员,男,汉,四川成都,1977-08-01,2015-10-01,2022.12,2022-12-01,1997.02,大学法学学生,xx学院xx专业,大学,xx大学xx专业,,2037-07-31,45.0
481,汤健,三级调研员,女,汉,四川成都,1996-08-01,2020-04-01,2022.1,2022-10-01,1997.02,大学法学学生,xx学院xx专业,大学,xx大学xx专业,,2056-07-31,26.0
482,郝毅,一级主任科员,男,汉,四川成都,1980-08-01,2019-12-01,2021.08,2021-08-01,1997.02,大学法学学生,xx学院xx专业,大学,xx大学xx专业,,2040-07-31,42.0
483,潘杰,四级调研员,男,汉,四川成都,1992-09-01,2016-08-01,2020.12,2020-12-01,1997.02,大学法学学生,xx学院xx专业,大学,xx大学xx专业,,2052-08-31,30.0
484,史杰,二级主任科员,女,汉,四川成都,1980-12-01,2013-04-01,2018.05,2018-05-01,1997.02,大学法学学生,xx学院xx专业,大学,xx大学xx专业,,2040-11-30,42.0
485,王勇,副处长,女,汉,四川成都,1988-10-01,2010-09-01,2012.05,2012-05-01,1997.02,大学法学学生,xx学院xx专业,大学,xx大学xx专业,,2048-09-30,34.0
486,纪强,三级调研员,女,汉,四川成都,1968-11-01,1994-08-01,2006.06,2006-06-01,1997.02,大学法学学生,xx学院xx专业,大学,xx大学xx专业,,2028-10-31,54.0
487,纪军,三级调研员,女,汉,四川成都,1980-03-01,2011-02-01,2018.03,2018-03-01,1997.02,大学法学学生,xx学院xx专业,大学,xx大学xx专业,,2040-02-29,43.0
488,苗刚,三级调研员,女,汉,四川成都,1987-04-01,2017-05-01,2019.01,2019-01-01,1997.02,大学法学学生,xx学院xx专业,大学,xx大学xx专业,,2047-03-31,36.0
489,舒强,四级调研员,男,汉,四川成都,1963-08-01,2009-02-01,2013.11,2013-11-01,1997.02,大学法学学生,xx学院xx专业,大学,xx大学xx专业,,2023-07-31,59.0
490,毕勇,四级主任科员,女,汉,四川成都,1998-09-01,2019-08-01,2021.01,2021-01-01,1997.02,大学法学学生,xx学院xx专业,大学,xx大学xx专业,,2058-08-31,24.0
491,窦军,一级主任科员,女,汉,四川成都,1966-08-01,1987-07-01,2014.07,2014-07-01,1997.02,大学法学学生,xx学院xx专业,大学,xx大学xx专业,,2026-07-31,56.0
492,戴毅,处长,女,汉,四川成都,1982-03-01,2014-11-01,2019.09,2019-09-01,1997.02,大学法学学生,xx学院xx专业,大学,xx大学xx专业,,2042-02-28,41.0
493,毛毅,二级科员,女,汉,四川成都,1976-08-01,1997-10-01,2006.11,2006-11-01,1997.02,大学法学学生,xx学院xx专业,大学,xx大学xx专业,,2036-07-31,46.0
494,孔军,二级科员,男,汉,四川成都,1981-12-01,2011-05-01,2018.12,2018-12-01,1997.02,大学法学学生,xx学院xx专业,大学,xx大学xx专业,,2041-11-30,41.0
495,凤伟,四级主任科员,女,汉,四川成都,1996-02-01,2018-12-01,2020.04,2020-04-01,1997.02,大学法学学生,xx学院xx专业,大学,xx大学xx专业,,2056-01-31,27.0
496,奚勇,四级主任科员,女,汉,四川成都,1972-05-01,2003-02-01,2006.09,2006-09-01,1997.02,大学法学学生,xx学院xx专业,大学,xx大学xx专业,,2032-04-30,51.0
497,乐毅,二级主任科员,男,汉,四川成都,1965-11-01,2020-08-01,2022.08,2022-08-01,1997.02,大学法学学生,xx学院xx专业,大学,xx大学xx专业,,2025-10-31,57.0
498,沈俊,二级调研员,男,汉,四川成都,1973-01-01,2013-11-01,2015.04,2015-04-01,1997.02,大学法学学生,xx学院xx专业,大学,xx大学xx专业,,2032-12-31,50.0
499,喻杰,三级调研员,女,汉,四川成都,1996-11-01,2019-05-01,2022.06,2022-06-01,1997.02,大学法学学生,xx学院xx专业,大学,xx大学xx专业,,2056-10-31,26.0
