"姓名","现工作单位及职务","性别","民族","籍贯","出生年月","参加工作时间","任现职务时间","任现职级时间","入党时间","全日制学历学位","全日制毕业院校及专业","在职学历学位","在职毕业院校及专业","任二主时间"
"彭走杰","部门四\n二级调研员","女","汉","四川成都","1957.12","1999.04","2008.05","2008.05","1997.02","大学法学学生","xx学院xx专业","大学","xx大学xx专业",""
"杨地刚","部门二\n二级调研员","女","汉","四川成都","1963.06","1985.06","2006.07","2006.07","1997.02","大学法学学生","xx学院xx专业","大学","xx大学xx专业",""
"臧走俊","部门五\n三级主任科员","男","汉","四川成都","1988.12","2016.01","2022.08","2022.08","1997.02","大学法学学生","xx学院xx专业","大学","xx大学xx专业",""
"邬以军","部门二\n二级主任科员","男","汉","四川成都","1962.09","1996.08","2022.01","2022.01","1997.02","大学法学学生","xx学院xx专业","大学","xx大学xx专业",""
"梁说话杰","部门一\n二级主任科员","女","汉","四川成都","1989.04","2017.03","2021.07","2021.07","1997.02","大学法学学生","xx学院xx专业","大学","xx大学xx专业",""
"项本杰","部门五\n四级调研员","女","汉","四川成都","1999.07","2020.03","2022.09","2022.09","1997.02","大学法学学生","xx学院xx专业","大学","xx大学xx专业",""
"皮你杰","部门二\n一级科员","男","汉","四川成都","1989.09","2017.08","2021.10","2021.10","1997.02","大学法学学生","xx学院xx专业","大学","xx大学xx专业",""
"何国俊","部门一\n二级调研员","女","汉","四川成都","1971.10","1994.08","2001.01","2001.01","1997.02","大学法学学生","xx学院xx专业","大学","xx大学xx专业",""
"邹去峰","部门二\n三级主任科员","男","汉","四川成都","1977.10","2006.02","2021.02","2021.02","1997.02","大学法学学生","xx学院xx专业","大学","xx大学xx专业",""
"王他军","部门二\n三级调研员","女","汉","四川成都","1970.09","2007.01","2022.05","2022.05","1997.02","大学法学学生","xx学院xx专业","大学","xx大学xx专业",""
"卜因毅","部门三\n四级调研员","男","汉","四川成都","1977.02","2007.03","2009.10","2009.10","1997.02","大学法学学生","xx学院xx专业","大学","xx大学xx专业",""
"任国刚","部门四\n一级科员","男","汉","四川成都","1987.09","2007.07","2015.12","2015.12","1997.02","大学法学学生","xx学院xx专业","大学","xx大学xx专业",""
"狄有伟","部门一\n四级调研员","女","汉","四川成都","1956.05","2020.06","2022.07","2022.07","1997.02","大学法学学生","xx学院xx专业","大学","xx大学xx专业",""
"祁人强","部门一\n二级主任科员","女","汉","四川成都","1981.11","2016.01","2022.07","2022.07","1997.02","大学法学学生","xx学院xx专业","大学","xx大学xx专业",""
"常一强","部门三\n四级调研员","女","汉","四川成都","1975.12","2019.11","2021.05","2021.05","1997.02","大学法学学生","xx学院xx专业","大学","xx大学xx专业",""
"韩我健","部门二\n二级科员","男","汉","四川成都","1967.07","2011.12","2019.01","2019.01","1997.02","大学法学学生","xx学院xx专业","大学","xx大学xx专业",""
"宋走伟","部门一\n二级科员","男","汉","四川成都","1958.12","2011.07","2014.08","2014.08","1997.02","大学法学学生","xx学院xx专业","大学","xx大学xx专业",""
"俞这军","部门二\n二级调研员","女","汉","四川成都","1989.11","2013.11","2021.05","2021.05","1997.02","大学法学学生","xx学院xx专业","大学","xx大学xx专业",""
"成她军","部门五\n四级调研员","男","汉","四川成都","1968.10","2013.12","2018.08","2018.08","1997.02","大学法学学生","xx学院xx专业","大学","xx大学xx专业",""
"贝只强","部门二\n一级主任科员","男","汉","四川成都","1972.07","2003.09","2019.07","2019.07","1997.02","大学法学学生","xx学院xx专业","大学","xx大学xx专业",""
"吴起来伟","部门五\n二级调研员","女","汉","四川成都","1991.08","2015.02","2019.09","2019.09","1997.02","大学法学学生","xx学院xx专业","大学","xx大学xx专业",""
"雷天杰","部门五\n一级主任科员","男","汉","四川成都","1968.10","2008.03","2021.11","2021.11","1997.02","大学法学学生","xx学院xx专业","大学","xx大学xx专业",""
"齐好伟","部门四\n一级主任科员","女","汉","四川成都","1986.02","2015.07","2019.07","2019.07","1997.02","大学法学学生","xx学院xx专业","大学","xx大学xx专业",""
"奚就俊","部门一\n一级主任科员","女","汉","四川成都","1986.05","2011.12","2016.03","2016.03","1997.02","大学法学学生","xx学院xx专业","大学","xx大学xx专业",""
"俞开刚","部门二\n三级调研员","男","汉","四川成都","1968.07","2004.02","2021.08","2021.08","1997.02","大学法学学生","xx学院xx专业","大学","xx大学xx专业",""
"韩以毅","部门三\n三级主任科员","女","汉","四川成都","1982.01","2007.07","2021.07","2021.07","1997.02","大学法学学生","xx学院xx专业","大学","xx大学xx专业",""
"褚起来军","部门三\n三级调研员","女","汉","四川成都","1997.08","2018.03","2022.02","2022.02","1997.02","大学法学学生","xx学院xx专业","大学","xx大学xx专业",""
"喻还军","部门三\n二级科员","男","汉","四川成都","1978.08","2016.07","2018.10","2018.10","1997.02","大学法学学生","xx学院xx专业","大学","xx大学xx专业",""
"禹见峰","部门一\n二级调研员","男","汉","四川成都","1959.01","2000.09","2020.09","2020.09","1997.02","大学法学学生","xx学院xx专业","大学","xx大学xx专业",""
"魏生毅","部门三\n三级主任科员","女","汉","四川成都","1971.01","1996.02","2002.10","2002.10","1997.02","大学法学学生","xx学院xx专业","大学","xx大学xx专业",""
"喻一杰","部门二\n三级调研员","男","汉","四川成都","1996.01","2017.07","2022.12","2022.12","1997.02","大学法学学生","xx学院xx专业","大学","xx大学xx专业",""
"汪天毅","部门三\n一级科员","男","汉","四川成都","1984.12","2007.12","2012.03","2012.03","1997.02","大学法学学生","xx学院xx专业","大学","xx大学xx专业",""
"费使杰","部门二\n四级主任科员","男","汉","四川成都","1961.02","1981.01","2001.10","2001.10","1997.02","大学法学学生","xx学院xx专业","大学","xx大学xx专业",""
"郑的杰","部门五\n一级主任科员","男","汉","四川成都","1993.06","2014.01","2017.10","2017.10","1997.02","大学法学学生","xx学院xx专业","大学","xx大学xx专业",""
"马你俊","部门一\n三级主任科员","女","汉","四川成都","1962.09","2013.12","2018.05","2018.05","1997.02","大学法学学生","xx学院xx专业","大学","xx大学xx专业",""
"乐要军","部门二\n三级主任科员","男","汉","四川成都","1961.09","2006.08","2009.06","2009.06","1997.02","大学法学学生","xx学院xx专业","大学","xx大学xx专业",""
"廉得刚","部门一\n二级主任科员","男","汉","四川成都","1965.02","2007.06","2017.08","2017.08","1997.02","大学法学学生","xx学院xx专业","大学","xx大学xx专业",""
"韩以俊","部门四\n四级调研员","男","汉","四川成都","1966.10","2007.04","2021.09","2021.09","1997.02","大学法学学生","xx学院xx专业","大学","xx大学xx专业",""
"常么军","部门三\n三级主任科员","男","汉","四川成都","1982.06","2005.11","2015.10","2015.10","1997.02","大学法学学生","xx学院xx专业","大学","xx大学xx专业",""
"章和军","部门三\n一级主任科员","男","汉","四川成都","1979.02","2002.01","2021.12","2021.12","1997.02","大学法学学生","xx学院xx专业","大学","xx大学xx专业",""
"昌国刚","部门三\n一级主任科员","女","汉","四川成都","1980.12","2003.06","2007.01","2007.01","1997.02","大学法学学生","xx学院xx专业","大学","xx大学xx专业",""
"魏把伟","部门五\n三级调研员","女","汉","四川成都","1992.10","2019.08","2021.04","2021.04","1997.02","大学法学学生","xx学院xx专业","大学","xx大学xx专业",""
"谈走健","部门四\n三级调研员","女","汉","四川成都","1993.05","2020.08","2022.09","2022.09","1997.02","大学法学学生","xx学院xx专业","大学","xx大学xx专业",""
"董人峰","部门三\n副处长","女","汉","四川成都","1970.11","2018.09","2020.09","2020.09","1997.02","大学法学学生","xx学院xx专业","大学","xx大学xx专业",""
"姚你军","部门二\n二级主任科员","女","汉","四川成都","1975.10","2003.05","2022.03","2022.03","1997.02","大学法学学生","xx学院xx专业","大学","xx大学xx专业",""
"史会刚","部门五\n二级调研员","男","汉","四川成都","1985.04","2016.11","2021.12","2021.12","1997.02","大学法学学生","xx学院xx专业","大学","xx大学xx专业",""
"苏因军","部门一\n二级主任科员","女","汉","四川成都","1985.11","2010.04","2021.05","2021.05","1997.02","大学法学学生","xx学院xx专业","大学","xx大学xx专业",""
"薛学毅","部门一\n四级主任科员","男","汉","四川成都","1982.09","2010.06","2019.05","2019.05","1997.02","大学法学学生","xx学院xx专业","大学","xx大学xx专业",""
"姜起俊","部门一\n二级调研员","女","汉","四川成都","1986.08","2011.03","2013.02","2013.02","1997.02","大学法学学生","xx学院xx专业","大学","xx大学xx专业",""
"窦个健","部门四\n二级调研员","女","汉","四川成都","1989.04","2012.10","2015.01","2015.01","1997.02","大学法学学生","xx学院xx专业","大学","xx大学xx专业",""
"姚生健","部门五\n四级调研员","男","汉","四川成都","1976.12","2000.11","2003.06","2003.06","1997.02","大学法学学生","xx学院xx专业","大学","xx大学xx专业",""
"庞因毅","部门五\n四级调研员","女","汉","四川成都","1985.01","2012.10","2019.04","2019.04","1997.02","大学法学学生","xx学院xx专业","大学","xx大学xx专业",""
"魏看勇","部门一\n三级调研员","男","汉","四川成都","1969.03","2020.12","2022.12","2022.12","1997.02","大学法学学生","xx学院xx专业","大学","xx大学xx专业",""
"钱他健","部门一\n二级主任科员","男","汉","四川成都","1965.04","2004.03","2019.08","2019.08","1997.02","大学法学学生","xx学院xx专业","大学","xx大学xx专业",""
"朱能俊","部门四\n四级调研员","男","汉","四川成都","1973.09","2006.02","2019.09","2019.09","1997.02","大学法学学生","xx学院xx专业","大学","xx大学xx专业",""
"罗就勇","部门四\n处长","女","汉","四川成都","1968.05","2003.04","2014.12","2014.12","1997.02","大学法学学生","xx学院xx专业","大学","xx大学xx专业",""
"屈我勇","部门三\n二级主任科员","男","汉","四川成都","1967.10","1991.04","2008.12","2008.12","1997.02","大学法学学生","xx学院xx专业","大学","xx大学xx专业",""
"李使健","部门五\n三级主任科员","男","汉","四川成都","1981.06","2009.09","2016.05","2016.05","1997.02","大学法学学生","xx学院xx专业","大学","xx大学xx专业",""
"谢以强","部门三\n四级主任科员","男","汉","四川成都","1998.03","2020.02","2022.03","2022.03","1997.02","大学法学学生","xx学院xx专业","大学","xx大学xx专业",""
"平总刚","部门五\n二级调研员","男","汉","四川成都","1986.06","2010.03","2015.07","2015.07","1997.02","大学法学学生","xx学院xx专业","大学","xx大学xx专业",""
"鲁人俊","部门三\n四级调研员","男","汉","四川成都","1967.11","2002.07","2007.10","2007.10","1997.02","大学法学学生","xx学院xx专业","大学","xx大学xx专业",""
"冯因强","部门五\n一级主任科员","女","汉","四川成都","1992.12","2020.07","2022.10","2022.10","1997.02","大学法学学生","xx学院xx专业","大学","xx大学xx专业",""
"秦走毅","部门四\n三级调研员","男","汉","四川成都","1990.10","2018.05","2022.04","2022.04","1997.02","大学法学学生","xx学院xx专业","大学","xx大学xx专业",""
"尹有健","部门四\n二级主任科员","男","汉","四川成都","1986.06","2012.12","2016.09","2016.09","1997.02","大学法学学生","xx学院xx专业","大学","xx大学xx专业",""
"张地健","部门四\n四级调研员","男","汉","四川成都","1986.08","2016.03","2022.09","2022.09","1997.02","大学法学学生","xx学院xx专业","大学","xx大学xx专业",""
"赵要强","部门五\n副处长","女","汉","四川成都","1974.05","1994.03","2006.05","2006.05","1997.02","大学法学学生","xx学院xx专业","大学","xx大学xx专业",""
"史故健","部门二\n三级调研员","男","汉","四川成都","1968.02","2007.12","2012.10","2012.10","1997.02","大学法学学生","xx学院xx专业","大学","xx大学xx专业",""
"葛子杰","部门五\n二级主任科员","男","汉","四川成都","1978.03","2014.01","2018.09","2018.09","1997.02","大学法学学生","xx学院xx专业","大学","xx大学xx专业",""
"禹下刚","部门一\n一级主任科员","男","汉","四川成都","1969.07","2006.07","2022.01","2022.01","1997.02","大学法学学生","xx学院xx专业","大学","xx大学xx专业",""
"钱想刚","部门一\n三级调研员","女","汉","四川成都","1984.07","2005.10","2013.05","2013.05","1997.02","大学法学学生","xx学院xx专业","大学","xx大学xx专业",""
"俞她杰","部门四\n二级调研员","女","汉","四川成都","1962.01","2013.05","2022.04","2022.04","1997.02","大学法学学生","xx学院xx专业","大学","xx大学xx专业",""
"钱把军","部门四\n一级科员","男","汉","四川成都","1992.04","2013.03","2017.08","2017.08","1997.02","大学法学学生","xx学院xx专业","大学","xx大学xx专业",""
"窦这勇","部门二\n四级调研员","男","汉","四川成都","1960.09","2020.04","2022.06","2022.06","1997.02","大学法学学生","xx学院xx专业","大学","xx大学xx专业",""
"方打军","部门二\n二级调研员","男","汉","四川成都","1979.09","2011.02","2014.02","2014.02","1997.02","大学法学学生","xx学院xx专业","大学","xx大学xx专业",""
"马可军","部门三\n三级主任科员","女","汉","四川成都","2000.12","2020.05","2022.08","2022.08","1997.02","大学法学学生","xx学院xx专业","大学","xx大学xx专业",""
"汪会峰","部门五\n二级调研员","男","汉","四川成都","1999.09","2019.03","2022.04","2022.04","1997.02","大学法学学生","xx学院xx专业","大学","xx大学xx专业",""
"韦还军","部门四\n三级主任科员","女","汉","四川成都","1961.05","1990.12","2000.09","2000.09","1997.02","大学法学学生","xx学院xx专业","大学","xx大学xx专业",""
"罗时健","部门三\n一级科员","女","汉","四川成都","1963.10","2012.03","2019.12","2019.12","1997.02","大学法学学生","xx学院xx专业","大学","xx大学xx专业",""
"时生俊","部门四\n二级调研员","女","汉","四川成都","1965.06","2020.06","2022.09","2022.09","1997.02","大学法学学生","xx学院xx专业","大学","xx大学xx专业",""
"费见峰","部门三\n四级调研员","男","汉","四川成都","1977.07","1998.06","2002.09","2002.09","1997.02","大学法学学生","xx学院xx专业","大学","xx大学xx专业",""
"花还毅","部门二\n四级调研员","女","汉","四川成都","1958.01","1985.05","2012.01","2012.01","1997.02","大学法学学生","xx学院xx专业","大学","xx大学xx专业",""
"彭中军","部门三\n四级调研员","女","汉","四川成都","1976.05","2008.07","2020.02","2020.02","1997.02","大学法学学生","xx学院xx专业","大学","xx大学xx专业",""
"花你杰","部门二\n二级主任科员","女","汉","四川成都","1993.08","2018.02","2021.07","2021.07","1997.02","大学法学学生","xx学院xx专业","大学","xx大学xx专业",""
"薛再俊","部门三\n处长","男","汉","四川成都","1998.11","2018.10","2021.11","2021.11","1997.02","大学法学学生","xx学院xx专业","大学","xx大学xx专业",""
"魏起来健","部门三\n四级调研员","男","汉","四川成都","1991.01","2016.01","2022.07","2022.07","1997.02","大学法学学生","xx学院xx专业","大学","xx大学xx专业",""
"袁要刚","部门五\n二级主任科员","女","汉","四川成都","1956.10","2020.01","2022.10","2022.10","1997.02","大学法学学生","xx学院xx专业","大学","xx大学xx专业",""
"凤打健","部门二\n二级科员","女","汉","四川成都","1969.04","2006.11","2020.02","2020.02","1997.02","大学法学学生","xx学院xx专业","大学","xx大学xx专业",""
"孟子军","部门二\n三级调研员","女","汉","四川成都","1976.08","2010.12","2015.10","2015.10","1997.02","大学法学学生","xx学院xx专业","大学","xx大学xx专业",""
"齐来杰","部门三\n三级调研员","女","汉","四川成都","1997.04","2019.11","2022.09","2022.09","1997.02","大学法学学生","xx学院xx专业","大学","xx大学xx专业",""
"魏可健","部门三\n四级调研员","男","汉","四川成都","1980.12","2007.01","2019.05","2019.05","1997.02","大学法学学生","xx学院xx专业","大学","xx大学xx专业",""
"韦可健","部门三\n三级调研员","女","汉","四川成都","1976.07","2000.05","2016.03","2016.03","1997.02","大学法学学生","xx学院xx专业","大学","xx大学xx专业",""
"傅个军","部门五\n三级调研员","男","汉","四川成都","1958.01","2002.05","2022.10","2022.10","1997.02","大学法学学生","xx学院xx专业","大学","xx大学xx专业",""
"齐他健","部门四\n三级调研员","女","汉","四川成都","1965.11","1986.07","1995.11","1995.11","1997.02","大学法学学生","xx学院xx专业","大学","xx大学xx专业",""
"乐来军","部门三\n二级调研员","女","汉","四川成都","1992.03","2014.09","2016.06","2016.06","1997.02","大学法学学生","xx学院xx专业","大学","xx大学xx专业",""
"周总军","部门一\n三级主任科员","女","汉","四川成都","1976.05","2008.07","2016.03","2016.03","1997.02","大学法学学生","xx学院xx专业","大学","xx大学xx专业",""
"臧你军","部门五\n四级调研员","女","汉","四川成都","1990.03","2018.03","2021.06","2021.06","1997.02","大学法学学生","xx学院xx专业","大学","xx大学xx专业",""
"孙听毅","部门五\n二级调研员","女","汉","四川成都","1987.03","2018.08","2021.09","2021.09","1997.02","大学法学学生","xx学院xx专业","大学","xx大学xx专业",""
"魏把毅","部门三\n四级调研员","男","汉","四川成都","1987.03","2010.02","2016.08","2016.08","1997.02","大学法学学生","xx学院xx专业","大学","xx大学xx专业",""
"钱时军","部门一\n四级主任科员","男","汉","四川成都","1957.01","1986.01","2010.03","2010.03","1997.02","大学法学学生","xx学院xx专业","大学","xx大学xx专业",""
"酆说话杰","部门五\n二级调研员","女","汉","四川成都","1955.02","1996.04","2020.07","2020.07","1997.02","大学法学学生","xx学院xx专业","大学","xx大学xx专业",""
"喻把健","部门五\n二级主任科员","女","汉","四川成都","1994.08","2018.08","2022.03","2022.03","1997.02","大学法学学生","xx学院xx专业","大学","xx大学xx专业",""
"湛只健","部门三\n二级主任科员","男","汉","四川成都","1991.04","2012.01","2014.06","2014.06","1997.02","大学法学学生","xx学院xx专业","大学","xx大学xx专业",""
"朱个强","部门四\n二级科员","女","汉","四川成都","1984.06","2004.12","2017.04","2017.04","1997.02","大学法学学生","xx学院xx专业","大学","xx大学xx专业",""
"许了勇","部门三\n一级主任科员","女","汉","四川成都","1963.11","2009.12","2022.09","2022.09","1997.02","大学法学学生","xx学院xx专业","大学","xx大学xx专业",""
"平出伟","部门四\n一级主任科员","男","汉","四川成都","1994.05","2017.07","2020.10","2020.10","1997.02","大学法学学生","xx学院xx专业","大学","xx大学xx专业",""
"奚后杰","部门二\n三级调研员","女","汉","四川成都","1969.09","2011.09","2019.03","2019.03","1997.02","大学法学学生","xx学院xx专业","大学","xx大学xx专业",""
"邬对健","部门一\n二级调研员","女","汉","四川成都","1993.08","2014.06","2022.04","2022.04","1997.02","大学法学学生","xx学院xx专业","大学","xx大学xx专业",""
"方上健","部门三\n二级主任科员","女","汉","四川成都","1985.08","2012.02","2018.01","2018.01","1997.02","大学法学学生","xx学院xx专业","大学","xx大学xx专业",""
"郑地军","部门一\n三级调研员","女","汉","四川成都","1978.10","2019.07","2022.01","2022.01","1997.02","大学法学学生","xx学院xx专业","大学","xx大学xx专业",""
"沈得勇","部门二\n二级主任科员","女","汉","四川成都","1987.04","2019.10","2022.11","2022.11","1997.02","大学法学学生","xx学院xx专业","大学","xx大学xx专业",""
"窦我毅","部门四\n四级调研员","女","汉","四川成都","1967.12","2011.06","2015.03","2015.03","1997.02","大学法学学生","xx学院xx专业","大学","xx大学xx专业",""
"吕学杰","部门五\n三级调研员","男","汉","四川成都","1969.07","2020.04","2022.02","2022.02","1997.02","大学法学学生","xx学院xx专业","大学","xx大学xx专业",""
"王中刚","部门二\n二级调研员","女","汉","四川成都","1977.08","2014.09","2017.09","2017.09","1997.02","大学法学学生","xx学院xx专业","大学","xx大学xx专业",""
"李说话伟","部门四\n四级主任科员","女","汉","四川成都","1965.12","1993.06","1995.05","1995.05","1997.02","大学法学学生","xx学院xx专业","大学","xx大学xx专业",""
"史就毅","部门四\n二级科员","男","汉","四川成都","1978.01","2004.08","2008.03","2008.03","1997.02","大学法学学生","xx学院xx专业","大学","xx大学xx专业",""
"戴打俊","部门一\n二级调研员","男","汉","四川成都","1984.09","2016.07","2022.08","2022.08","1997.02","大学法学学生","xx学院xx专业","大学","xx大学xx专业",""
"余时毅","部门一\n二级主任科员","女","汉","四川成都","1990.01","2017.02","2020.07","2020.07","1997.02","大学法学学生","xx学院xx专业","大学","xx大学xx专业",""
"苗后军","部门四\n三级调研员","男","汉","四川成都","1997.09","2020.09","2022.12","2022.12","1997.02","大学法学学生","xx学院xx专业","大学","xx大学xx专业",""
"李地健","部门三\n二级主任科员","女","汉","四川成都","1980.10","2001.07","2022.04","2022.04","1997.02","大学法学学生","xx学院xx专业","大学","xx大学xx专业",""
"计到健","部门一\n二级主任科员","女","汉","四川成都","1966.07","1991.02","2019.07","2019.07","1997.02","大学法学学生","xx学院xx专业","大学","xx大学xx专业",""
"朱我峰","部门四\n二级调研员","男","汉","四川成都","1989.03","2016.08","2019.05","2019.05","1997.02","大学法学学生","xx学院xx专业","大学","xx大学xx专业",""
"谈个伟","部门一\n二级主任科员","女","汉","四川成都","1955.05","2012.07","2020.12","2020.12","1997.02","大学法学学生","xx学院xx专业","大学","xx大学xx专业",""
"周她刚","部门三\n四级主任科员","男","汉","四川成都","1955.06","2019.04","2021.05","2021.05","1997.02","大学法学学生","xx学院xx专业","大学","xx大学xx专业",""
"安中俊","部门三\n四级调研员","男","汉","四川成都","1960.10","1996.10","2011.05","2011.05","1997.02","大学法学学生","xx学院xx专业","大学","xx大学xx专业",""
"安开杰","部门一\n四级调研员","女","汉","四川成都","1958.09","2020.02","2022.02","2022.02","1997.02","大学法学学生","xx学院xx专业","大学","xx大学xx专业",""
"狄她伟","部门二\n二级科员","女","汉","四川成都","1993.01","2020.06","2022.07","2022.07","1997.02","大学法学学生","xx学院xx专业","大学","xx大学xx专业",""
"秦起杰","部门一\n二级主任科员","女","汉","四川成都","1960.06","1995.12","2014.04","2014.04","1997.02","大学法学学生","xx学院xx专业","大学","xx大学xx专业",""
"彭只健","部门二\n三级主任科员","男","汉","四川成都","1957.04","1991.07","2004.10","2004.10","1997.02","大学法学学生","xx学院xx专业","大学","xx大学xx专业",""
"钱对俊","部门四\n四级调研员","男","汉","四川成都","1979.10","2013.07","2015.04","2015.04","1997.02","大学法学学生","xx学院xx专业","大学","xx大学xx专业",""
"罗人刚","部门二\n四级调研员","女","汉","四川成都","1963.08","1990.10","2002.10","2002.10","1997.02","大学法学学生","xx学院xx专业","大学","xx大学xx专业",""
"冯很峰","部门二\n三级调研员","女","汉","四川成都","1989.10","2018.11","2020.12","2020.12","1997.02","大学法学学生","xx学院xx专业","大学","xx大学xx专业",""
"范起来军","部门三\n二级主任科员","男","汉","四川成都","1979.02","2010.12","2019.11","2019.11","1997.02","大学法学学生","xx学院xx专业","大学","xx大学xx专业",""
"和起杰","部门三\n一级主任科员","男","汉","四川成都","1960.03","2001.03","2007.02","2007.02","1997.02","大学法学学生","xx学院xx专业","大学","xx大学xx专业",""
"滕我健","部门三\n一级主任科员","女","汉","四川成都","1980.08","2013.03","2021.02","2021.02","1997.02","大学法学学生","xx学院xx专业","大学","xx大学xx专业",""
"葛来伟","部门五\n二级主任科员","男","汉","四川成都","1992.12","2015.04","2021.05","2021.05","1997.02","大学法学学生","xx学院xx专业","大学","xx大学xx专业",""
"朱生伟","部门二\n三级主任科员","女","汉","四川成都","1967.04","2020.03","2022.11","2022.11","1997.02","大学法学学生","xx学院xx专业","大学","xx大学xx专业",""
"朱使军","部门一\n三级调研员","男","汉","四川成都","1978.02","2009.06","2011.11","2011.11","1997.02","大学法学学生","xx学院xx专业","大学","xx大学xx专业",""
"苏很勇","部门一\n四级主任科员","女","汉","四川成都","1975.08","2005.07","2021.03","2021.03","1997.02","大学法学学生","xx学院xx专业","大学","xx大学xx专业",""
"平说话毅","部门二\n二级主任科员","女","汉","四川成都","1967.09","1996.02","2022.10","2022.10","1997.02","大学法学学生","xx学院xx专业","大学","xx大学xx专业",""
"曹见毅","部门四\n一级科员","女","汉","四川成都","1985.09","2017.05","2022.01","2022.01","1997.02","大学法学学生","xx学院xx专业","大学","xx大学xx专业",""
"方说杰","部门四\n二级主任科员","女","汉","四川成都","1974.01","2006.02","2016.12","2016.12","1997.02","大学法学学生","xx学院xx专业","大学","xx大学xx专业",""
"周那么军","部门三\n二级调研员","女","汉","四川成都","1962.02","1983.01","2019.10","2019.10","1997.02","大学法学学生","xx学院xx专业","大学","xx大学xx专业",""
"曹地峰","部门四\n三级调研员","男","汉","四川成都","1975.06","2003.01","2022.08","2022.08","1997.02","大学法学学生","xx学院xx专业","大学","xx大学xx专业",""
"祁起来强","部门二\n四级调研员","男","汉","四川成都","1999.01","2019.10","2021.02","2021.02","1997.02","大学法学学生","xx学院xx专业","大学","xx大学xx专业",""
"华了健","部门四\n副处长","男","汉","四川成都","1965.07","2008.04","2012.10","2012.10","1997.02","大学法学学生","xx学院xx专业","大学","xx大学xx专业",""
"蒋了杰","部门四\n四级调研员","男","汉","四川成都","1986.11","2010.07","2015.08","2015.08","1997.02","大学法学学生","xx学院xx专业","大学","xx大学xx专业",""
"廉还刚","部门四\n四级调研员","男","汉","四川成都","1963.03","1985.04","2015.10","2015.10","1997.02","大学法学学生","xx学院xx专业","大学","xx大学xx专业",""
"方我伟","部门一\n二级主任科员","女","汉","四川成都","1971.09","2015.12","2020.04","2020.04","1997.02","大学法学学生","xx学院xx专业","大学","xx大学xx专业",""
"俞总杰","部门四\n三级调研员","女","汉","四川成都","2000.11","2020.05","2022.02","2022.02","1997.02","大学法学学生","xx学院xx专业","大学","xx大学xx专业",""
"张大强","部门二\n二级主任科员","男","汉","四川成都","1976.08","2018.03","2021.01","2021.01","1997.02","大学法学学生","xx学院xx专业","大学","xx大学xx专业",""
"康时杰","部门五\n二级主任科员","女","汉","四川成都","1963.12","2009.05","2020.11","2020.11","1997.02","大学法学学生","xx学院xx专业","大学","xx大学xx专业",""
"马对健","部门五\n三级主任科员","女","汉","四川成都","1958.03","1983.08","2012.09","2012.09","1997.02","大学法学学生","xx学院xx专业","大学","xx大学xx专业",""
"赵在刚","部门一\n一级主任科员","女","汉","四川成都","1965.12","2004.05","2010.06","2010.06","1997.02","大学法学学生","xx学院xx专业","大学","xx大学xx专业",""
"萧以勇","部门五\n三级调研员","男","汉","四川成都","1995.05","2016.07","2019.12","2019.12","1997.02","大学法学学生","xx学院xx专业","大学","xx大学xx专业",""
"秦故健","部门四\n三级调研员","男","汉","四川成都","1963.10","2003.06","2012.09","2012.09","1997.02","大学法学学生","xx学院xx专业","大学","xx大学xx专业",""
"苏听杰","部门五\n三级调研员","女","汉","四川成都","1963.01","1991.12","2018.08","2018.08","1997.02","大学法学学生","xx学院xx专业","大学","xx大学xx专业",""
"严对军","部门二\n三级调研员","男","汉","四川成都","1975.06","1999.06","2013.09","2013.09","1997.02","大学法学学生","xx学院xx专业","大学","xx大学xx专业",""
"穆再勇","部门二\n二级调研员","女","汉","四川成都","1977.12","2016.04","2019.06","2019.06","1997.02","大学法学学生","xx学院xx专业","大学","xx大学xx专业",""
"计要杰","部门五\n三级调研员","男","汉","四川成都","1962.06","2005.05","2019.08","2019.08","1997.02","大学法学学生","xx学院xx专业","大学","xx大学xx专业",""
"湛说话强","部门一\n四级调研员","男","汉","四川成都","1964.11","1997.05","2017.07","2017.07","1997.02","大学法学学生","xx学院xx专业","大学","xx大学xx专业",""
"章好健","部门四\n四级调研员","女","汉","四川成都","1967.05","1994.02","2002.04","2002.04","1997.02","大学法学学生","xx学院xx专业","大学","xx大学xx专业",""
"范对刚","部门一\n三级调研员","男","汉","四川成都","1998.09","2020.01","2022.10","2022.10","1997.02","大学法学学生","xx学院xx专业","大学","xx大学xx专业",""
"鲍再军","部门四\n二级主任科员","男","汉","四川成都","1969.01","2005.08","2012.10","2012.10","1997.02","大学法学学生","xx学院xx专业","大学","xx大学xx专业",""
"毕要勇","部门三\n二级主任科员","男","汉","四川成都","1999.10","2020.02","2022.02","2022.02","1997.02","大学法学学生","xx学院xx专业","大学","xx大学xx专业",""
"滕真俊","部门一\n二级调研员","女","汉","四川成都","1966.12","1992.04","1995.06","1995.06","1997.02","大学法学学生","xx学院xx专业","大学","xx大学xx专业",""
"葛不军","部门一\n四级主任科员","女","汉","四川成都","1989.09","2012.01","2014.05","2014.05","1997.02","大学法学学生","xx学院xx专业","大学","xx大学xx专业",""
"禹把毅","部门三\n二级主任科员","女","汉","四川成都","1991.05","2017.09","2022.10","2022.10","1997.02","大学法学学生","xx学院xx专业","大学","xx大学xx专业",""
"陶你毅","部门三\n四级主任科员","男","汉","四川成都","1966.04","2002.08","2019.06","2019.06","1997.02","大学法学学生","xx学院xx专业","大学","xx大学xx专业",""
"酆好军","部门三\n四级主任科员","男","汉","四川成都","1995.06","2018.10","2022.06","2022.06","1997.02","大学法学学生","xx学院xx专业","大学","xx大学xx专业",""
"伏出健","部门二\n四级主任科员","男","汉","四川成都","1980.11","2007.04","2012.06","2012.06","1997.02","大学法学学生","xx学院xx专业","大学","xx大学xx专业",""
"酆起来健","部门三\n一级主任科员","女","汉","四川成都","1973.06","2000.10","2012.02","2012.02","1997.02","大学法学学生","xx学院xx专业","大学","xx大学xx专业",""
"周故军","部门一\n四级调研员","女","汉","四川成都","1974.07","2004.12","2007.10","2007.10","1997.02","大学法学学生","xx学院xx专业","大学","xx大学xx专业",""
"费后毅","部门五\n一级主任科员","男","汉","四川成都","1976.03","2010.01","2015.02","2015.02","1997.02","大学法学学生","xx学院xx专业","大学","xx大学xx专业",""
"杨对伟","部门一\n三级调研员","男","汉","四川成都","1998.04","2018.01","2022.08","2022.08","1997.02","大学法学学生","xx学院xx专业","大学","xx大学xx专业",""
"伏本健","部门三\n二级调研员","男","汉","四川成都","1957.05","2002.01","2017.05","2017.05","1997.02","大学法学学生","xx学院xx专业","大学","xx大学xx专业",""
"熊学峰","部门三\n二级主任科员","女","汉","四川成都","1982.09","2019.07","2022.12","2022.12","1997.02","大学法学学生","xx学院xx专业","大学","xx大学xx专业",""
"毛说峰","部门三\n四级主任科员","女","汉","四川成都","1966.12","1989.01","2014.07","2014.07","1997.02","大学法学学生","xx学院xx专业","大学","xx大学xx专业",""
"姚里杰","部门一\n一级主任科员","男","汉","四川成都","1959.01","1993.12","2010.03","2010.03","1997.02","大学法学学生","xx学院xx专业","大学","xx大学xx专业",""
"葛真强","部门三\n四级调研员","男","汉","四川成都","2000.11","2020.03","2022.07","2022.07","1997.02","大学法学学生","xx学院xx专业","大学","xx大学xx专业",""
"廉后勇","部门二\n三级主任科员","男","汉","四川成都","1973.09","1993.05","2018.12","2018.12","1997.02","大学法学学生","xx学院xx专业","大学","xx大学xx专业",""
"严好刚","部门三\n四级主任科员","男","汉","四川成都","1995.02","2015.12","2018.01","2018.01","1997.02","大学法学学生","xx学院xx专业","大学","xx大学xx专业",""
"倪里军","部门二\n一级主任科员","男","汉","四川成都","1978.04","2016.03","2022.06","2022.06","1997.02","大学法学学生","xx学院xx专业","大学","xx大学xx专业",""
"施那伟","部门四\n二级调研员","男","汉","四川成都","1967.02","2008.10","2011.01","2011.01","1997.02","大学法学学生","xx学院xx专业","大学","xx大学xx专业",""
"戴一健","部门四\n三级调研员","男","汉","四川成都","1992.12","2012.08","2017.12","2017.12","1997.02","大学法学学生","xx学院xx专业","大学","xx大学xx专业",""
"窦都军","部门一\n三级主任科员","男","汉","四川成都","1973.07","2014.05","2017.06","2017.06","1997.02","大学法学学生","xx学院xx专业","大学","xx大学xx专业",""
"郎走健","部门三\n二级调研员","男","汉","四川成都","1971.07","2009.09","2013.03","2013.03","1997.02","大学法学学生","xx学院xx专业","大学","xx大学xx专业",""
"宋地健","部门二\n四级调研员","男","汉","四川成都","1996.04","2016.11","2019.08","2019.08","1997.02","大学法学学生","xx学院xx专业","大学","xx大学xx专业",""
"岑和毅","部门三\n三级主任科员","女","汉","四川成都","1956.12","1988.03","2013.07","2013.07","1997.02","大学法学学生","xx学院xx专业","大学","xx大学xx专业",""
"酆还军","部门三\n一级科员","女","汉","四川成都","1972.12","2017.01","2019.05","2019.05","1997.02","大学法学学生","xx学院xx专业","大学","xx大学xx专业",""
"邬了军","部门一\n四级调研员","男","汉","四川成都","1958.04","1978.08","2017.06","2017.06","1997.02","大学法学学生","xx学院xx专业","大学","xx大学xx专业",""
"谈一军","部门五\n三级调研员","男","汉","四川成都","1955.11","1989.09","1993.04","1993.04","1997.02","大学法学学生","xx学院xx专业","大学","xx大学xx专业",""
"许你军","部门二\n副处长","男","汉","四川成都","1989.04","2009.08","2017.03","2017.03","1997.02","大学法学学生","xx学院xx专业","大学","xx大学xx专业",""
"项这军","部门二\n二级主任科员","女","汉","四川成都","1999.07","2019.02","2021.01","2021.01","1997.02","大学法学学生","xx学院xx专业","大学","xx大学xx专业",""
"康后军","部门三\n二级调研员","男","汉","四川成都","1986.10","2011.05","2020.02","2020.02","1997.02","大学法学学生","xx学院xx专业","大学","xx大学xx专业",""
"米打杰","部门五\n三级调研员","男","汉","四川成都","1998.05","2019.05","2022.03","2022.03","1997.02","大学法学学生","xx学院xx专业","大学","xx大学xx专业",""
"范因伟","部门一\n二级调研员","男","汉","四川成都","1983.04","2018.04","2020.05","2020.05","1997.02","大学法学学生","xx学院xx专业","大学","xx大学xx专业",""
"余天峰","部门五\n三级主任科员","女","汉","四川成都","1980.09","2017.05","2022.06","2022.06","1997.02","大学法学学生","xx学院xx专业","大学","xx大学xx专业",""
"贝不军","部门四\n四级调研员","女","汉","四川成都","1961.04","2007.05","2014.06","2014.06","1997.02","大学法学学生","xx学院xx专业","大学","xx大学xx专业",""
"祝道伟","部门五\n三级调研员","女","汉","四川成都","1968.11","2002.04","2010.04","2010.04","1997.02","大学法学学生","xx学院xx专业","大学","xx大学xx专业",""
"毕好伟","部门三\n二级调研员","女","汉","四川成都","1984.02","2004.06","2019.11","2019.11","1997.02","大学法学学生","xx学院xx专业","大学","xx大学xx专业",""
"毕到杰","部门一\n三级高级主办","男","汉","四川成都","1991.01","2011.02","2020.05","2020.05","1997.02","大学法学学生","xx学院xx专业","大学","xx大学xx专业",""
"计时军","部门五\n四级高级主办","女","汉","四川成都","1997.09","2018.07","2020.04","2020.04","1997.02","大学法学学生","xx学院xx专业","大学","xx大学xx专业",""
"云老健","部门一\n三级主办","女","汉","四川成都","1978.03","2010.04","2019.11","2019.11","1997.02","大学法学学生","xx学院xx专业","大学","xx大学xx专业",""
"常他健","部门一\n一级主办","女","汉","四川成都","1984.10","2014.05","2019.06","2019.06","1997.02","大学法学学生","xx学院xx专业","大学","xx大学xx专业",""
"唐下伟","部门五\n四级主办","女","汉","四川成都","1969.06","2009.01","2013.06","2013.06","1997.02","大学法学学生","xx学院xx专业","大学","xx大学xx专业",""
"和这强","部门一\n三级主办","女","汉","四川成都","1987.05","2007.08","2019.05","2019.05","1997.02","大学法学学生","xx学院xx专业","大学","xx大学xx专业",""
"章很峰","部门三\n三级主办","女","汉","四川成都","1960.01","2019.02","2021.05","2021.05","1997.02","大学法学学生","xx学院xx专业","大学","xx大学xx专业",""
"张时健","部门二\n一级行政执法员","男","汉","四川成都","1981.06","2017.12","2021.11","2021.11","1997.02","大学法学学生","xx学院xx专业","大学","xx大学xx专业",""
"章能勇","部门一\n一级主办","女","汉","四川成都","1997.09","2018.12","2021.06","2021.06","1997.02","大学法学学生","xx学院xx专业","大学","xx大学xx专业",""
"薛学杰","部门一\n三级高级主办","男","汉","四川成都","2000.01","2020.11","2022.07","2022.07","1997.02","大学法学学生","xx学院xx专业","大学","xx大学xx专业",""
"董有勇","部门五\n一级行政执法员","男","汉","四川成都","1988.07","2012.03","2022.12","2022.12","1997.02","大学法学学生","xx学院xx专业","大学","xx大学xx专业",""
"窦只刚","部门二\n一级行政执法员","男","汉","四川成都","1968.04","2009.08","2013.02","2013.02","1997.02","大学法学学生","xx学院xx专业","大学","xx大学xx专业",""
"郎起伟","部门四\n三级高级主办","女","汉","四川成都","1957.07","2017.10","2021.09","2021.09","1997.02","大学法学学生","xx学院xx专业","大学","xx大学xx专业",""
"吴很勇","部门四\n三级高级主办","女","汉","四川成都","1986.12","2010.01","2014.01","2014.01","1997.02","大学法学学生","xx学院xx专业","大学","xx大学xx专业",""
"和上俊","部门一\n副支队长","男","汉","四川成都","1961.03","1990.01","2014.05","2014.05","1997.02","大学法学学生","xx学院xx专业","大学","xx大学xx专业",""
"雷老峰","部门三\n二级主办","女","汉","四川成都","1989.01","2012.02","2022.06","2022.06","1997.02","大学法学学生","xx学院xx专业","大学","xx大学xx专业",""
"尤把强","部门四\n二级主办","女","汉","四川成都","1973.10","1996.06","2020.07","2020.07","1997.02","大学法学学生","xx学院xx专业","大学","xx大学xx专业",""
"华很军","部门四\n二级主办","男","汉","四川成都","1994.08","2018.02","2022.01","2022.01","1997.02","大学法学学生","xx学院xx专业","大学","xx大学xx专业",""
"成见毅","部门一\n四级高级主办","女","汉","四川成都","1991.08","2012.03","2020.04","2020.04","1997.02","大学法学学生","xx学院xx专业","大学","xx大学xx专业",""
"严你伟","部门一\n一级行政执法员","男","汉","四川成都","1966.09","2002.11","2020.02","2020.02","1997.02","大学法学学生","xx学院xx专业","大学","xx大学xx专业",""
"严里刚","部门一\n四级高级主办","男","汉","四川成都","1982.09","2007.09","2020.10","2020.10","1997.02","大学法学学生","xx学院xx专业","大学","xx大学xx专业",""
"熊说俊","部门一\n四级主办","男","汉","四川成都","1960.06","1983.09","1991.09","1991.09","1997.02","大学法学学生","xx学院xx专业","大学","xx大学xx专业",""
"穆看杰","部门四\n二级主办","女","汉","四川成都","1980.02","2020.06","2022.05","2022.05","1997.02","大学法学学生","xx学院xx专业","大学","xx大学xx专业",""
"纪总伟","部门二\n一级高级主办","女","汉","四川成都","1997.01","2020.08","2022.12","2022.12","1997.02","大学法学学生","xx学院xx专业","大学","xx大学xx专业",""
"昌打健","部门三\n三级高级主办","男","汉","四川成都","1956.02","1981.09","2012.09","2012.09","1997.02","大学法学学生","xx学院xx专业","大学","xx大学xx专业",""
"皮学勇","部门五\n一级主办","女","汉","四川成都","1955.06","1996.08","2000.07","2000.07","1997.02","大学法学学生","xx学院xx专业","大学","xx大学xx专业",""
"董见刚","部门四\n一级主办","女","汉","四川成都","1960.10","2004.08","2019.11","2019.11","1997.02","大学法学学生","xx学院xx专业","大学","xx大学xx专业",""
"凤起来俊","部门五\n四级高级主办","男","汉","四川成都","1985.01","2006.07","2009.01","2009.01","1997.02","大学法学学生","xx学院xx专业","大学","xx大学xx专业",""
"鲁那么军","部门五\n一级行政执法员","女","汉","四川成都","1979.10","2010.12","2022.11","2022.11","1997.02","大学法学学生","xx学院xx专业","大学","xx大学xx专业",""
"戚那么毅","部门一\n二级高级主办","男","汉","四川成都","1980.01","2000.08","2021.06","2021.06","1997.02","大学法学学生","xx学院xx专业","大学","xx大学xx专业",""
"谢好强","部门二\n一级主办","男","汉","四川成都","1995.09","2016.07","2018.12","2018.12","1997.02","大学法学学生","xx学院xx专业","大学","xx大学xx专业",""
"庞样军","部门二\n一级高级主办","女","汉","四川成都","1998.06","2018.09","2020.11","2020.11","1997.02","大学法学学生","xx学院xx专业","大学","xx大学xx专业",""
"熊老军","部门五\n二级主办","男","汉","四川成都","1984.04","2004.08","2015.02","2015.02","1997.02","大学法学学生","xx学院xx专业","大学","xx大学xx专业",""
"卫那刚","部门五\n四级高级主办","男","汉","四川成都","1985.08","2012.03","2020.10","2020.10","1997.02","大学法学学生","xx学院xx专业","大学","xx大学xx专业",""
"廉得峰","部门二\n三级高级主办","男","汉","四川成都","1960.02","1997.10","2020.05","2020.05","1997.02","大学法学学生","xx学院xx专业","大学","xx大学xx专业",""
"袁去杰","部门五\n四级主办","男","汉","四川成都","1962.01","1994.03","2020.10","2020.10","1997.02","大学法学学生","xx学院xx专业","大学","xx大学xx专业",""
"鲁以俊","部门一\n二级主办","男","汉","四川成都","1980.01","2011.03","2017.01","2017.01","1997.02","大学法学学生","xx学院xx专业","大学","xx大学xx专业",""
"钱的刚","部门二\n一级主办","女","汉","四川成都","1994.09","2018.12","2022.09","2022.09","1997.02","大学法学学生","xx学院xx专业","大学","xx大学xx专业",""
"钱走俊","部门二\n三级主办","男","汉","四川成都","1960.04","1992.02","2022.05","2022.05","1997.02","大学法学学生","xx学院xx专业","大学","xx大学xx专业",""
"邬么伟","部门四\n二级主办","女","汉","四川成都","1963.07","2005.01","2007.10","2007.10","1997.02","大学法学学生","xx学院xx专业","大学","xx大学xx专业",""
"潘起杰","部门一\n三级高级主办","男","汉","四川成都","1980.01","2001.05","2007.07","2007.07","1997.02","大学法学学生","xx学院xx专业","大学","xx大学xx专业",""
"王去峰","部门五\n一级行政执法员","女","汉","四川成都","1980.12","2004.11","2010.05","2010.05","1997.02","大学法学学生","xx学院xx专业","大学","xx大学xx专业",""
"狄起俊","部门二\n一级主办","女","汉","四川成都","1981.06","2015.09","2021.11","2021.11","1997.02","大学法学学生","xx学院xx专业","大学","xx大学xx专业",""
"姜到俊","部门四\n一级高级主办","男","汉","四川成都","1972.12","2011.06","2019.02","2019.02","1997.02","大学法学学生","xx学院xx专业","大学","xx大学xx专业",""
"毛有伟","部门三\n一级行政执法员","女","汉","四川成都","1980.08","2008.06","2022.07","2022.07","1997.02","大学法学学生","xx学院xx专业","大学","xx大学xx专业",""
"平学强","部门二\n一级主办","女","汉","四川成都","1984.01","2020.07","2022.08","2022.08","1997.02","大学法学学生","xx学院xx专业","大学","xx大学xx专业",""
"尹还刚","部门四\n三级高级主办","女","汉","四川成都","1984.07","2020.03","2022.07","2022.07","1997.02","大学法学学生","xx学院xx专业","大学","xx大学xx专业",""
"任学健","部门一\n一级主办","男","汉","四川成都","1994.06","2018.01","2022.08","2022.08","1997.02","大学法学学生","xx学院xx专业","大学","xx大学xx专业",""
"吴只健","部门三\n二级主办","女","汉","四川成都","1989.11","2016.06","2020.09","2020.09","1997.02","大学法学学生","xx学院xx专业","大学","xx大学xx专业",""
"舒那么俊","部门二\n四级主办","女","汉","四川成都","1955.01","2020.06","2022.07","2022.07","1997.02","大学法学学生","xx学院xx专业","大学","xx大学xx专业",""
"俞地俊","部门二\n一级高级主办","女","汉","四川成都","1995.09","2017.04","2021.12","2021.12","1997.02","大学法学学生","xx学院xx专业","大学","xx大学xx专业",""
"柳就毅","部门五\n四级主办","女","汉","四川成都","1976.04","2006.05","2017.03","2017.03","1997.02","大学法学学生","xx学院xx专业","大学","xx大学xx专业",""
"茅说话峰","部门二\n三级主办","女","汉","四川成都","2000.09","2020.12","2022.01","2022.01","1997.02","大学法学学生","xx学院xx专业","大学","xx大学xx专业",""
"陶起来健","部门二\n四级主办","男","汉","四川成都","1976.05","2012.08","2021.06","2021.06","1997.02","大学法学学生","xx学院xx专业","大学","xx大学xx专业",""
"鲍对俊","部门二\n一级主办","男","汉","四川成都","1995.07","2020.01","2022.05","2022.05","1997.02","大学法学学生","xx学院xx专业","大学","xx大学xx专业",""
"唐个俊","部门一\n一级行政执法员","男","汉","四川成都","1962.08","1999.08","2005.09","2005.09","1997.02","大学法学学生","xx学院xx专业","大学","xx大学xx专业",""
"潘到健","部门四\n三级高级主办","女","汉","四川成都","1985.09","2020.07","2022.12","2022.12","1997.02","大学法学学生","xx学院xx专业","大学","xx大学xx专业",""
"倪老伟","部门三\n三级主办","女","汉","四川成都","1965.07","1993.05","2000.11","2000.11","1997.02","大学法学学生","xx学院xx专业","大学","xx大学xx专业",""
"米时峰","部门三\n四级主办","女","汉","四川成都","1984.02","2015.05","2019.11","2019.11","1997.02","大学法学学生","xx学院xx专业","大学","xx大学xx专业",""
"喻了峰","部门五\n一级主办","男","汉","四川成都","1988.10","2020.10","2022.09","2022.09","1997.02","大学法学学生","xx学院xx专业","大学","xx大学xx专业",""
"范起来军","部门二\n一级高级主办","男","汉","四川成都","1988.11","2014.04","2022.01","2022.01","1997.02","大学法学学生","xx学院xx专业","大学","xx大学xx专业",""
"秦把军","部门一\n一级高级主办","男","汉","四川成都","1967.02","2020.03","2022.10","2022.10","1997.02","大学法学学生","xx学院xx专业","大学","xx大学xx专业",""
"鲁使杰","部门二\n二级高级主办","女","汉","四川成都","1993.05","2015.02","2018.01","2018.01","1997.02","大学法学学生","xx学院xx专业","大学","xx大学xx专业",""
"雷使伟","部门五\n一级行政执法员","女","汉","四川成都","1964.03","1986.01","2022.03","2022.03","1997.02","大学法学学生","xx学院xx专业","大学","xx大学xx专业",""
"董出峰","部门三\n二级高级主办","女","汉","四川成都","1996.10","2017.08","2020.06","2020.06","1997.02","大学法学学生","xx学院xx专业","大学","xx大学xx专业",""
"孔下勇","部门五\n四级主办","女","汉","四川成都","1998.08","2018.12","2022.01","2022.01","1997.02","大学法学学生","xx学院xx专业","大学","xx大学xx专业",""
"庞那勇","部门三\n四级主办","女","汉","四川成都","1992.12","2019.02","2021.04","2021.04","1997.02","大学法学学生","xx学院xx专业","大学","xx大学xx专业",""
"韩就勇","部门五\n二级主办","男","汉","四川成都","1976.04","2020.01","2022.12","2022.12","1997.02","大学法学学生","xx学院xx专业","大学","xx大学xx专业",""
"柳的杰","部门四\n二级高级主办","男","汉","四川成都","1992.07","2012.03","2017.05","2017.05","1997.02","大学法学学生","xx学院xx专业","大学","xx大学xx专业",""
"汤真峰","部门四\n三级主办","男","汉","四川成都","1988.06","2013.08","2022.09","2022.09","1997.02","大学法学学生","xx学院xx专业","大学","xx大学xx专业",""
"熊着军","部门三\n四级主办","男","汉","四川成都","1993.07","2020.05","2022.11","2022.11","1997.02","大学法学学生","xx学院xx专业","大学","xx大学xx专业",""
"项只杰","部门四\n二级主办","男","汉","四川成都","1988.09","2018.10","2021.10","2021.10","1997.02","大学法学学生","xx学院xx专业","大学","xx大学xx专业",""
"戴时勇","部门三\n一级行政执法员","女","汉","四川成都","1998.09","2020.01","2022.01","2022.01","1997.02","大学法学学生","xx学院xx专业","大学","xx大学xx专业",""
"史开军","部门一\n四级高级主办","女","汉","四川成都","1976.08","2003.05","2017.04","2017.04","1997.02","大学法学学生","xx学院xx专业","大学","xx大学xx专业",""
"薛就健","部门五\n一级主办","男","汉","四川成都","1977.09","2007.07","2009.03","2009.03","1997.02","大学法学学生","xx学院xx专业","大学","xx大学xx专业",""
"计把军","部门四\n四级高级主办","男","汉","四川成都","1993.06","2014.02","2019.07","2019.07","1997.02","大学法学学生","xx学院xx专业","大学","xx大学xx专业",""
"计开健","部门二\n三级主办","女","汉","四川成都","1967.03","1991.06","1995.04","1995.04","1997.02","大学法学学生","xx学院xx专业","大学","xx大学xx专业",""
"葛见强","部门五\n一级行政执法员","女","汉","四川成都","1971.06","2013.10","2022.07","2022.07","1997.02","大学法学学生","xx学院xx专业","大学","xx大学xx专业",""
"常见健","部门三\n二级主办","女","汉","四川成都","1959.10","1990.09","1999.10","1999.10","1997.02","大学法学学生","xx学院xx专业","大学","xx大学xx专业",""
"邵使军","部门五\n一级行政执法员","女","汉","四川成都","1958.04","1989.01","1993.06","1993.06","1997.02","大学法学学生","xx学院xx专业","大学","xx大学xx专业",""
"邵很杰","部门五\n一级主办","女","汉","四川成都","1987.08","2009.12","2020.02","2020.02","1997.02","大学法学学生","xx学院xx专业","大学","xx大学xx专业",""
"昌就刚","部门五\n四级主办","女","汉","四川成都","1995.04","2015.10","2021.07","2021.07","1997.02","大学法学学生","xx学院xx专业","大学","xx大学xx专业",""
"杨在刚","部门二\n二级主办","男","汉","四川成都","1989.12","2013.06","2021.07","2021.07","1997.02","大学法学学生","xx学院xx专业","大学","xx大学xx专业",""
"潘老健","部门一\n一级行政执法员","男","汉","四川成都","1991.09","2015.08","2019.06","2019.06","1997.02","大学法学学生","xx学院xx专业","大学","xx大学xx专业",""
"苏着强","部门三\n四级高级主办","女","汉","四川成都","1998.12","2018.12","2021.06","2021.06","1997.02","大学法学学生","xx学院xx专业","大学","xx大学xx专业",""
"苏是健","部门四\n二级主办","女","汉","四川成都","1962.02","1996.02","2009.07","2009.07","1997.02","大学法学学生","xx学院xx专业","大学","xx大学xx专业",""
"苏人强","部门五\n四级高级主办","男","汉","四川成都","1974.10","2014.07","2016.11","2016.11","1997.02","大学法学学生","xx学院xx专业","大学","xx大学xx专业",""
"吴在勇","部门五\n四级主办","男","汉","四川成都","1959.01","2010.06","2012.01","2012.01","1997.02","大学法学学生","xx学院xx专业","大学","xx大学xx专业",""
"伏上毅","部门三\n一级行政执法员","男","汉","四川成都","1997.04","2017.08","2019.12","2019.12","1997.02","大学法学学生","xx学院xx专业","大学","xx大学xx专业",""
"许总伟","部门二\n三级主办","男","汉","四川成都","1962.04","2005.12","2020.03","2020.03","1997.02","大学法学学生","xx学院xx专业","大学","xx大学xx专业",""
"邬想军","部门三\n四级主办","男","汉","四川成都","1973.12","2008.02","2014.07","2014.07","1997.02","大学法学学生","xx学院xx专业","大学","xx大学xx专业",""
"冯道俊","部门二\n一级行政执法员","男","汉","四川成都","1991.04","2016.04","2019.01","2019.01","1997.02","大学法学学生","xx学院xx专业","大学","xx大学xx专业",""
"卜和军","部门四\n四级主办","女","汉","四川成都","1980.12","2020.11","2022.08","2022.08","1997.02","大学法学学生","xx学院xx专业","大学","xx大学xx专业",""
"袁一伟","部门五\n一级主办","男","汉","四川成都","1991.06","2015.02","2021.08","2021.08","1997.02","大学法学学生","xx学院xx专业","大学","xx大学xx专业",""
"萧就军","部门四\n一级主办","男","汉","四川成都","1995.06","2017.02","2019.01","2019.01","1997.02","大学法学学生","xx学院xx专业","大学","xx大学xx专业",""
"穆道伟","部门一\n二级主办","男","汉","四川成都","1958.12","2017.08","2020.12","2020.12","1997.02","大学法学学生","xx学院xx专业","大学","xx大学xx专业",""
"常这毅","部门三\n一级行政执法员","男","汉","四川成都","1963.02","1983.10","1999.10","1999.10","1997.02","大学法学学生","xx学院xx专业","大学","xx大学xx专业",""
"鲍中峰","部门一\n二级主办","女","汉","四川成都","1967.04","1998.04","2003.05","2003.05","1997.02","大学法学学生","xx学院xx专业","大学","xx大学xx专业",""
"史能健","部门五\n四级高级主办","男","汉","四川成都","1989.07","2015.05","2017.02","2017.02","1997.02","大学法学学生","xx学院xx专业","大学","xx大学xx专业",""
"郎到军","部门一\n一级行政执法员","男","汉","四川成都","1987.02","2014.12","2020.08","2020.08","1997.02","大学法学学生","xx学院xx专业","大学","xx大学xx专业",""
"费还军","部门二\n三级高级主办","女","汉","四川成都","1989.11","2013.06","2020.12","2020.12","1997.02","大学法学学生","xx学院xx专业","大学","xx大学xx专业",""
"常好军","部门一\n一级行政执法员","男","汉","四川成都","1974.02","1998.07","2004.04","2004.04","1997.02","大学法学学生","xx学院xx专业","大学","xx大学xx专业",""
"费以杰","部门四\n四级主办","女","汉","四川成都","1994.07","2014.08","2016.03","2016.03","1997.02","大学法学学生","xx学院xx专业","大学","xx大学xx专业",""
"岑生峰","部门五\n一级行政执法员","男","汉","四川成都","1962.01","2020.03","2022.10","2022.10","1997.02","大学法学学生","xx学院xx专业","大学","xx大学xx专业",""
"韩她健","部门二\n二级主办","男","汉","四川成都","1955.04","2000.03","2007.07","2007.07","1997.02","大学法学学生","xx学院xx专业","大学","xx大学xx专业",""
"马去健","部门三\n二级主办","女","汉","四川成都","1968.12","2006.09","2009.07","2009.07","1997.02","大学法学学生","xx学院xx专业","大学","xx大学xx专业",""
"于我毅","部门三\n二级主办","女","汉","四川成都","1993.09","2013.03","2021.10","2021.10","1997.02","大学法学学生","xx学院xx专业","大学","xx大学xx专业",""
"孟后杰","部门一\n一级行政执法员","女","汉","四川成都","1970.09","2011.02","2017.02","2017.02","1997.02","大学法学学生","xx学院xx专业","大学","xx大学xx专业",""
"邵想健","部门四\n四级主办","男","汉","四川成都","1967.02","2008.02","2021.02","2021.02","1997.02","大学法学学生","xx学院xx专业","大学","xx大学xx专业",""
"卫了伟","部门三\n三级主办","女","汉","四川成都","1959.02","1990.03","2018.09","2018.09","1997.02","大学法学学生","xx学院xx专业","大学","xx大学xx专业",""
"成是杰","部门四\n二级主办","男","汉","四川成都","1977.12","1999.04","2006.07","2006.07","1997.02","大学法学学生","xx学院xx专业","大学","xx大学xx专业",""
"乐得伟","部门四\n一级行政执法员","男","汉","四川成都","1977.04","2014.02","2022.05","2022.05","1997.02","大学法学学生","xx学院xx专业","大学","xx大学xx专业",""
"茅了健","部门四\n四级高级主办","男","汉","四川成都","1957.06","2001.11","2011.10","2011.10","1997.02","大学法学学生","xx学院xx专业","大学","xx大学xx专业",""
"马好伟","部门四\n四级高级主办","男","汉","四川成都","1998.02","2020.04","2022.05","2022.05","1997.02","大学法学学生","xx学院xx专业","大学","xx大学xx专业",""
"孔老军","部门三\n一级行政执法员","男","汉","四川成都","1990.01","2015.10","2019.07","2019.07","1997.02","大学法学学生","xx学院xx专业","大学","xx大学xx专业",""
"杨子强","部门二\n一级行政执法员","女","汉","四川成都","1956.08","1997.09","2013.12","2013.12","1997.02","大学法学学生","xx学院xx专业","大学","xx大学xx专业",""
"祁就刚","部门三\n二级主办","男","汉","四川成都","1983.12","2005.08","2021.12","2021.12","1997.02","大学法学学生","xx学院xx专业","大学","xx大学xx专业",""
"屈真毅","部门四\n一级高级主办","女","汉","四川成都","1993.03","2016.08","2019.06","2019.06","1997.02","大学法学学生","xx学院xx专业","大学","xx大学xx专业",""
"毕的毅","部门四\n一级行政执法员","女","汉","四川成都","1961.08","1995.08","2016.09","2016.09","1997.02","大学法学学生","xx学院xx专业","大学","xx大学xx专业",""
"柏见健","部门一\n三级主办","女","汉","四川成都","1986.06","2013.02","2020.09","2020.09","1997.02","大学法学学生","xx学院xx专业","大学","xx大学xx专业",""
"秦本杰","部门五\n支队长","男","汉","四川成都","1994.11","2020.10","2022.07","2022.07","1997.02","大学法学学生","xx学院xx专业","大学","xx大学xx专业",""
"孙很刚","部门五\n三级高级主办","女","汉","四川成都","1969.05","1996.02","2022.08","2022.08","1997.02","大学法学学生","xx学院xx专业","大学","xx大学xx专业",""
"唐把俊","部门二\n二级主办","男","汉","四川成都","1989.04","2018.08","2021.07","2021.07","1997.02","大学法学学生","xx学院xx专业","大学","xx大学xx专业",""
"郎故杰","部门一\n四级主办","男","汉","四川成都","1975.12","1996.08","2005.08","2005.08","1997.02","大学法学学生","xx学院xx专业","大学","xx大学xx专业",""
"陶看勇","部门五\n四级主办","女","汉","四川成都","1999.04","2019.07","2022.12","2022.12","1997.02","大学法学学生","xx学院xx专业","大学","xx大学xx专业",""
"湛不毅","部门三\n一级行政执法员","男","汉","四川成都","1987.04","2012.04","2019.02","2019.02","1997.02","大学法学学生","xx学院xx专业","大学","xx大学xx专业",""
"宋做军","部门一\n四级主办","女","汉","四川成都","1977.03","2006.06","2017.01","2017.01","1997.02","大学法学学生","xx学院xx专业","大学","xx大学xx专业",""
"潘出健","部门一\n三级高级主办","男","汉","四川成都","1966.11","2000.05","2005.03","2005.03","1997.02","大学法学学生","xx学院xx专业","大学","xx大学xx专业",""
"屈生健","部门三\n一级行政执法员","女","汉","四川成都","1976.05","2008.05","2016.04","2016.04","1997.02","大学法学学生","xx学院xx专业","大学","xx大学xx专业",""
"施听峰","部门三\n四级高级主办","女","汉","四川成都","1998.08","2020.12","2022.11","2022.11","1997.02","大学法学学生","xx学院xx专业","大学","xx大学xx专业",""
"宋能军","部门一\n二级主办","女","汉","四川成都","1998.06","2019.06","2022.08","2022.08","1997.02","大学法学学生","xx学院xx专业","大学","xx大学xx专业",""
"祝他健","部门五\n三级主办","女","汉","四川成都","2000.04","2020.11","2022.06","2022.06","1997.02","大学法学学生","xx学院xx专业","大学","xx大学xx专业",""
"穆天军","部门四\n三级高级主办","女","汉","四川成都","1966.03","1996.01","2012.11","2012.11","1997.02","大学法学学生","xx学院xx专业","大学","xx大学xx专业",""
"赵中杰","部门四\n支队长","女","汉","四川成都","1996.05","2018.09","2020.11","2020.11","1997.02","大学法学学生","xx学院xx专业","大学","xx大学xx专业",""
"祝再毅","部门一\n一级行政执法员","男","汉","四川成都","1991.02","2011.10","2021.11","2021.11","1997.02","大学法学学生","xx学院xx专业","大学","xx大学xx专业",""
"严时军","部门三\n二级主办","女","汉","四川成都","1987.05","2011.08","2020.12","2020.12","1997.02","大学法学学生","xx学院xx专业","大学","xx大学xx专业",""
"明老健","部门三\n四级主办","女","汉","四川成都","1970.07","2014.10","2021.11","2021.11","1997.02","大学法学学生","xx学院xx专业","大学","xx大学xx专业",""
"邵起杰","部门四\n二级高级主办","女","汉","四川成都","1970.01","2015.07","2022.01","2022.01","1997.02","大学法学学生","xx学院xx专业","大学","xx大学xx专业",""
"章这杰","部门四\n二级高级主办","女","汉","四川成都","1996.01","2017.09","2019.07","2019.07","1997.02","大学法学学生","xx学院xx专业","大学","xx大学xx专业",""
"金开伟","部门二\n三级主办","女","汉","四川成都","1971.11","2006.07","2010.11","2010.11","1997.02","大学法学学生","xx学院xx专业","大学","xx大学xx专业",""
"狄很健","部门三\n四级主办","男","汉","四川成都","1961.11","1992.07","2021.11","2021.11","1997.02","大学法学学生","xx学院xx专业","大学","xx大学xx专业",""
"吕去杰","部门一\n四级高级主办","男","汉","四川成都","1980.03","2014.05","2017.02","2017.02","1997.02","大学法学学生","xx学院xx专业","大学","xx大学xx专业",""
"孟下杰","部门三\n三级主办","女","汉","四川成都","1976.02","2009.01","2021.08","2021.08","1997.02","大学法学学生","xx学院xx专业","大学","xx大学xx专业",""
"鲍的峰","部门二\n四级高级主办","男","汉","四川成都","1968.06","1998.03","2013.10","2013.10","1997.02","大学法学学生","xx学院xx专业","大学","xx大学xx专业",""
"戚本杰","部门二\n二级高级主办","女","汉","四川成都","1971.03","1994.08","2018.05","2018.05","1997.02","大学法学学生","xx学院xx专业","大学","xx大学xx专业",""
"褚的军","部门四\n一级行政执法员","男","汉","四川成都","1993.05","2019.04","2021.08","2021.08","1997.02","大学法学学生","xx学院xx专业","大学","xx大学xx专业",""
"何做伟","部门四\n一级主办","男","汉","四川成都","1982.05","2003.12","2021.10","2021.10","1997.02","大学法学学生","xx学院xx专业","大学","xx大学xx专业",""
"董都健","部门一\n一级行政执法员","男","汉","四川成都","1973.05","1999.09","2016.08","2016.08","1997.02","大学法学学生","xx学院xx专业","大学","xx大学xx专业",""
"韩真强","部门三\n三级高级主办","女","汉","四川成都","1992.02","2018.08","2021.02","2021.02","1997.02","大学法学学生","xx学院xx专业","大学","xx大学xx专业",""
"纪有勇","部门三\n一级高级主办","男","汉","四川成都","1984.12","2019.03","2021.12","2021.12","1997.02","大学法学学生","xx学院xx专业","大学","xx大学xx专业",""
"奚开俊","部门二\n四级高级主办","女","汉","四川成都","1957.03","2018.05","2021.06","2021.06","1997.02","大学法学学生","xx学院xx专业","大学","xx大学xx专业",""
"蒋样俊","部门四\n二级主办","女","汉","四川成都","1994.07","2020.01","2022.08","2022.08","1997.02","大学法学学生","xx学院xx专业","大学","xx大学xx专业",""
"赵的毅","部门三\n三级主办","男","汉","四川成都","1976.12","1996.10","2003.09","2003.09","1997.02","大学法学学生","xx学院xx专业","大学","xx大学xx专业",""
"韦生刚","部门五\n二级主办","男","汉","四川成都","1996.05","2017.03","2020.03","2020.03","1997.02","大学法学学生","xx学院xx专业","大学","xx大学xx专业",""
"郝上毅","部门五\n四级高级主办","男","汉","四川成都","1981.10","2014.01","2016.11","2016.11","1997.02","大学法学学生","xx学院xx专业","大学","xx大学xx专业",""
"卫大伟","部门三\n四级高级主办","男","汉","四川成都","1981.04","2002.03","2021.04","2021.04","1997.02","大学法学学生","xx学院xx专业","大学","xx大学xx专业",""
"钱起健","部门四\n一级行政执法员","女","汉","四川成都","1990.07","2018.03","2021.07","2021.07","1997.02","大学法学学生","xx学院xx专业","大学","xx大学xx专业",""
"杨为军","部门三\n二级高级主办","女","汉","四川成都","1981.01","2009.03","2017.02","2017.02","1997.02","大学法学学生","xx学院xx专业","大学","xx大学xx专业",""
"贺要毅","部门四\n一级高级主办","女","汉","四川成都","1998.03","2020.04","2022.03","2022.03","1997.02","大学法学学生","xx学院xx专业","大学","xx大学xx专业",""
"潘生俊","部门一\n一级主办","女","汉","四川成都","1989.04","2019.05","2022.07","2022.07","1997.02","大学法学学生","xx学院xx专业","大学","xx大学xx专业",""
"苏得强","部门四\n副支队长","男","汉","四川成都","1995.08","2019.11","2022.12","2022.12","1997.02","大学法学学生","xx学院xx专业","大学","xx大学xx专业",""
"华时峰","部门二\n二级主办","女","汉","四川成都","1977.05","1999.04","2019.04","2019.04","1997.02","大学法学学生","xx学院xx专业","大学","xx大学xx专业",""
"俞天军","部门二\n三级主办","女","汉","四川成都","1973.03","2004.01","2019.12","2019.12","1997.02","大学法学学生","xx学院xx专业","大学","xx大学xx专业",""
"傅我伟","部门四\n四级主办","男","汉","四川成都","1982.06","2010.11","2016.11","2016.11","1997.02","大学法学学生","xx学院xx专业","大学","xx大学xx专业",""
"臧可杰","部门一\n一级主办","男","汉","四川成都","1969.11","1998.04","2017.10","2017.10","1997.02","大学法学学生","xx学院xx专业","大学","xx大学xx专业",""
"毛天勇","部门三\n四级主办","女","汉","四川成都","1963.01","1999.05","2001.03","2001.03","1997.02","大学法学学生","xx学院xx专业","大学","xx大学xx专业",""
"乐到军","部门一\n三级主办","男","汉","四川成都","1995.08","2016.06","2021.12","2021.12","1997.02","大学法学学生","xx学院xx专业","大学","xx大学xx专业",""
"潘以军","部门四\n一级高级主办","男","汉","四川成都","1966.04","2014.11","2021.07","2021.07","1997.02","大学法学学生","xx学院xx专业","大学","xx大学xx专业",""
"祝想刚","部门五\n四级主办","男","汉","四川成都","1985.06","2019.10","2021.12","2021.12","1997.02","大学法学学生","xx学院xx专业","大学","xx大学xx专业",""
"吴着杰","部门三\n四级主办","男","汉","四川成都","1999.06","2020.03","2022.07","2022.07","1997.02","大学法学学生","xx学院xx专业","大学","xx大学xx专业",""
"傅出勇","部门三\n一级主办","男","汉","四川成都","1982.01","2010.04","2022.11","2022.11","1997.02","大学法学学生","xx学院xx专业","大学","xx大学xx专业",""
"葛了俊","部门一\n二级主办","男","汉","四川成都","1965.01","2012.12","2015.01","2015.01","1997.02","大学法学学生","xx学院xx专业","大学","xx大学xx专业",""
"袁上健","部门二\n三级主办","男","汉","四川成都","1999.07","2019.07","2022.04","2022.04","1997.02","大学法学学生","xx学院xx专业","大学","xx大学xx专业",""
"杨走健","部门四\n一级高级主办","男","汉","四川成都","1998.07","2019.04","2022.12","2022.12","1997.02","大学法学学生","xx学院xx专业","大学","xx大学xx专业",""
"狄子强","部门二\n四级主办","男","汉","四川成都","1969.04","2008.06","2015.04","2015.04","1997.02","大学法学学生","xx学院xx专业","大学","xx大学xx专业",""
"葛时勇","部门一\n一级行政执法员","男","汉","四川成都","1984.01","2013.09","2016.05","2016.05","1997.02","大学法学学生","xx学院xx专业","大学","xx大学xx专业",""
"贝到强","部门四\n一级行政执法员","男","汉","四川成都","1960.08","1995.07","2011.01","2011.01","1997.02","大学法学学生","xx学院xx专业","大学","xx大学xx专业",""
"贝得强","部门一\n二级高级主办","男","汉","四川成都","1959.11","1991.08","2018.06","2018.06","1997.02","大学法学学生","xx学院xx专业","大学","xx大学xx专业",""
"何走俊","部门二\n四级主办","男","汉","四川成都","1983.12","2005.05","2016.03","2016.03","1997.02","大学法学学生","xx学院xx专业","大学","xx大学xx专业",""
"成个勇","部门四\n一级高级主办","女","汉","四川成都","1985.04","2010.03","2013.10","2013.10","1997.02","大学法学学生","xx学院xx专业","大学","xx大学xx专业",""
"黄下勇","部门三\n三级主办","男","汉","四川成都","1971.08","2012.05","2015.06","2015.06","1997.02","大学法学学生","xx学院xx专业","大学","xx大学xx专业",""
"茅了军","部门一\n四级高级主办","男","汉","四川成都","1995.04","2020.09","2022.04","2022.04","1997.02","大学法学学生","xx学院xx专业","大学","xx大学xx专业",""
"周这峰","部门二\n二级高级主办","男","汉","四川成都","1998.08","2020.08","2022.02","2022.02","1997.02","大学法学学生","xx学院xx专业","大学","xx大学xx专业",""
"傅在毅","部门一\n二级主办","男","汉","四川成都","1987.11","2009.05","2016.07","2016.07","1997.02","大学法学学生","xx学院xx专业","大学","xx大学xx专业",""
"成把毅","部门五\n二级主办","男","汉","四川成都","1986.08","2011.05","2021.05","2021.05","1997.02","大学法学学生","xx学院xx专业","大学","xx大学xx专业",""
"鲁起来刚","部门二\n三级高级主办","男","汉","四川成都","1979.08","1999.04","2003.07","2003.07","1997.02","大学法学学生","xx学院xx专业","大学","xx大学xx专业",""
"章会俊","部门三\n一级行政执法员","女","汉","四川成都","1968.10","2001.01","2017.05","2017.05","1997.02","大学法学学生","xx学院xx专业","大学","xx大学xx专业",""
"姚本杰","部门二\n一级主办","男","汉","四川成都","1990.01","2014.04","2017.07","2017.07","1997.02","大学法学学生","xx学院xx专业","大学","xx大学xx专业",""
"黄天伟","部门三\n四级主办","女","汉","四川成都","1983.01","2010.06","2015.05","2015.05","1997.02","大学法学学生","xx学院xx专业","大学","xx大学xx专业",""
"韦他刚","部门三\n支队长","女","汉","四川成都","1988.03","2018.07","2021.05","2021.05","1997.02","大学法学学生","xx学院xx专业","大学","xx大学xx专业",""
"方老军","部门一\n一级行政执法员","女","汉","四川成都","1967.06","1993.10","2010.04","2010.04","1997.02","大学法学学生","xx学院xx专业","大学","xx大学xx专业",""
"陶她勇","部门四\n四级主办","男","汉","四川成都","1973.04","2003.08","2019.02","2019.02","1997.02","大学法学学生","xx学院xx专业","大学","xx大学xx专业",""
"舒走伟","部门四\n三级高级主办","男","汉","四川成都","1961.07","2008.11","2011.01","2011.01","1997.02","大学法学学生","xx学院xx专业","大学","xx大学xx专业",""
"卜要健","部门四\n四级主办","女","汉","四川成都","1971.03","2009.06","2012.10","2012.10","1997.02","大学法学学生","xx学院xx专业","大学","xx大学xx专业",""
"姚好军","部门二\n三级主办","男","汉","四川成都","1998.01","2019.01","2022.11","2022.11","1997.02","大学法学学生","xx学院xx专业","大学","xx大学xx专业",""
"窦只健","部门二\n二级主办","男","汉","四川成都","1996.05","2019.11","2022.09","2022.09","1997.02","大学法学学生","xx学院xx专业","大学","xx大学xx专业",""
"秦都强","部门三\n一级主办","女","汉","四川成都","1960.09","1983.06","1990.03","1990.03","1997.02","大学法学学生","xx学院xx专业","大学","xx大学xx专业",""
"方她杰","部门二\n一级行政执法员","男","汉","四川成都","1974.06","1996.11","2012.09","2012.09","1997.02","大学法学学生","xx学院xx专业","大学","xx大学xx专业",""
"鲁说健","部门三\n四级高级主办","女","汉","四川成都","1996.02","2017.09","2021.06","2021.06","1997.02","大学法学学生","xx学院xx专业","大学","xx大学xx专业",""
"米么强","部门三\n三级主办","男","汉","四川成都","1985.03","2010.12","2020.02","2020.02","1997.02","大学法学学生","xx学院xx专业","大学","xx大学xx专业",""
"吴总勇","部门五\n一级主办","男","汉","四川成都","1992.01","2012.12","2017.05","2017.05","1997.02","大学法学学生","xx学院xx专业","大学","xx大学xx专业",""
"严是强","部门二\n二级主办","男","汉","四川成都","1977.08","2010.05","2017.08","2017.08","1997.02","大学法学学生","xx学院xx专业","大学","xx大学xx专业",""
"梁说话杰","部门五\n一级行政执法员","男","汉","四川成都","1986.10","2009.07","2016.09","2016.09","1997.02","大学法学学生","xx学院xx专业","大学","xx大学xx专业",""
"顾上俊","部门五\n三级主办","女","汉","四川成都","1967.10","1998.08","2014.12","2014.12","1997.02","大学法学学生","xx学院xx专业","大学","xx大学xx专业",""
"章她勇","部门五\n四级主办","女","汉","四川成都","1990.05","2011.11","2016.11","2016.11","1997.02","大学法学学生","xx学院xx专业","大学","xx大学xx专业",""
"祁很勇","部门二\n一级主办","男","汉","四川成都","1990.03","2012.04","2017.12","2017.12","1997.02","大学法学学生","xx学院xx专业","大学","xx大学xx专业",""
"任他峰","部门二\n二级主办","男","汉","四川成都","1977.09","2004.06","2018.06","2018.06","1997.02","大学法学学生","xx学院xx专业","大学","xx大学xx专业",""
"苗说勇","部门五\n一级行政执法员","女","汉","四川成都","1971.11","2011.03","2019.09","2019.09","1997.02","大学法学学生","xx学院xx专业","大学","xx大学xx专业",""
"苏个峰","部门三\n二级主办","女","汉","四川成都","1968.08","1994.10","2017.12","2017.12","1997.02","大学法学学生","xx学院xx专业","大学","xx大学xx专业",""
"祝到勇","部门一\n二级主办","男","汉","四川成都","1955.04","1985.12","1989.03","1989.03","1997.02","大学法学学生","xx学院xx专业","大学","xx大学xx专业",""
"陈了刚","部门五\n三级高级主办","男","汉","四川成都","1966.06","2003.02","2009.08","2009.08","1997.02","大学法学学生","xx学院xx专业","大学","xx大学xx专业",""
"梁看俊","部门二\n一级行政执法员","女","汉","四川成都","1979.07","2003.07","2006.12","2006.12","1997.02","大学法学学生","xx学院xx专业","大学","xx大学xx专业",""
"滕是毅","部门二\n三级主办","女","汉","四川成都","1969.11","1999.09","2010.09","2010.09","1997.02","大学法学学生","xx学院xx专业","大学","xx大学xx专业",""
"施一勇","部门三\n二级主办","男","汉","四川成都","1987.02","2015.10","2020.06","2020.06","1997.02","大学法学学生","xx学院xx专业","大学","xx大学xx专业",""
"顾样刚","部门一\n一级行政执法员","女","汉","四川成都","1963.02","2011.10","2018.03","2018.03","1997.02","大学法学学生","xx学院xx专业","大学","xx大学xx专业",""
"黄的刚","部门一\n四级主办","男","汉","四川成都","1981.01","2011.12","2013.01","2013.01","1997.02","大学法学学生","xx学院xx专业","大学","xx大学xx专业",""
"宋想健","部门三\n一级行政执法员","女","汉","四川成都","1955.02","1994.03","2001.06","2001.06","1997.02","大学法学学生","xx学院xx专业","大学","xx大学xx专业",""
"萧到健","部门五\n三级主办","女","汉","四川成都","1963.09","2015.07","2021.03","2021.03","1997.02","大学法学学生","xx学院xx专业","大学","xx大学xx专业",""
"邵想勇","部门五\n一级主办","男","汉","四川成都","1979.10","1999.11","2002.06","2002.06","1997.02","大学法学学生","xx学院xx专业","大学","xx大学xx专业",""
"谈使勇","部门一\n三级主办","男","汉","四川成都","1967.10","2005.09","2016.11","2016.11","1997.02","大学法学学生","xx学院xx专业","大学","xx大学xx专业",""
"昌想峰","部门五\n一级主办","男","汉","四川成都","1966.03","1998.03","2020.09","2020.09","1997.02","大学法学学生","xx学院xx专业","大学","xx大学xx专业",""
"韦在伟","部门二\n一级行政执法员","女","汉","四川成都","1972.02","1994.10","2014.12","2014.12","1997.02","大学法学学生","xx学院xx专业","大学","xx大学xx专业",""
"华真杰","部门二\n一级行政执法员","女","汉","四川成都","1978.01","2008.07","2019.01","2019.01","1997.02","大学法学学生","xx学院xx专业","大学","xx大学xx专业",""
"郝故伟","部门二\n三级高级主办","男","汉","四川成都","1982.02","2009.04","2011.08","2011.08","1997.02","大学法学学生","xx学院xx专业","大学","xx大学xx专业",""
"沈国刚","部门三\n四级主办","女","汉","四川成都","1987.07","2007.12","2010.01","2010.01","1997.02","大学法学学生","xx学院xx专业","大学","xx大学xx专业",""
"邬学军","部门二\n二级主办","男","汉","四川成都","1958.02","2014.11","2021.12","2021.12","1997.02","大学法学学生","xx学院xx专业","大学","xx大学xx专业",""
"薛把伟","部门五\n支队长","女","汉","四川成都","1996.06","2019.06","2021.04","2021.04","1997.02","大学法学学生","xx学院xx专业","大学","xx大学xx专业",""
"郝子伟","部门一\n一级高级主办","男","汉","四川成都","1987.11","2015.03","2019.02","2019.02","1997.02","大学法学学生","xx学院xx专业","大学","xx大学xx专业",""
"张国强","部门四\n一级行政执法员","男","汉","四川成都","1974.10","2012.02","2014.02","2014.02","1997.02","大学法学学生","xx学院xx专业","大学","xx大学xx专业",""
"谢这伟","部门五\n一级高级主办","男","汉","四川成都","1961.02","2019.10","2021.06","2021.06","1997.02","大学法学学生","xx学院xx专业","大学","xx大学xx专业",""
"柳地勇","部门二\n一级行政执法员","女","汉","四川成都","1958.11","1998.10","2012.12","2012.12","1997.02","大学法学学生","xx学院xx专业","大学","xx大学xx专业",""
"元道健","部门三\n四级主办","男","汉","四川成都","1959.02","2005.12","2010.09","2010.09","1997.02","大学法学学生","xx学院xx专业","大学","xx大学xx专业",""
"董使峰","部门二\n四级高级主办","男","汉","四川成都","1976.09","1997.08","2005.03","2005.03","1997.02","大学法学学生","xx学院xx专业","大学","xx大学xx专业",""
"戴生军","部门五\n四级主办","男","汉","四川成都","1984.08","2011.04","2014.05","2014.05","1997.02","大学法学学生","xx学院xx专业","大学","xx大学xx专业",""
"鲁和毅","部门三\n四级高级主办","男","汉","四川成都","1974.12","2014.08","2017.02","2017.02","1997.02","大学法学学生","xx学院xx专业","大学","xx大学xx专业",""
"邬那俊","部门五\n一级主办","男","汉","四川成都","1962.01","2003.11","2008.05","2008.05","1997.02","大学法学学生","xx学院xx专业","大学","xx大学xx专业",""
"俞会伟","部门四\n四级主办","男","汉","四川成都","1997.01","2019.08","2022.06","2022.06","1997.02","大学法学学生","xx学院xx专业","大学","xx大学xx专业",""
"于在军","部门二\n一级行政执法员","男","汉","四川成都","1986.05","2009.10","2014.11","2014.11","1997.02","大学法学学生","xx学院xx专业","大学","xx大学xx专业",""
"华下峰","部门四\n四级主办","女","汉","四川成都","1976.02","2001.02","2013.09","2013.09","1997.02","大学法学学生","xx学院xx专业","大学","xx大学xx专业",""
"邹那么军","部门三\n二级主办","女","汉","四川成都","1977.09","2003.02","2010.12","2010.12","1997.02","大学法学学生","xx学院xx专业","大学","xx大学xx专业",""
"时有杰","部门五\n一级行政执法员","女","汉","四川成都","1966.05","1991.06","2020.06","2020.06","1997.02","大学法学学生","xx学院xx专业","大学","xx大学xx专业",""
"米故刚","部门三\n四级主办","男","汉","四川成都","1960.06","2018.12","2021.10","2021.10","1997.02","大学法学学生","xx学院xx专业","大学","xx大学xx专业",""
"熊做军","部门一\n二级高级主办","女","汉","四川成都","1956.03","1981.06","2020.10","2020.10","1997.02","大学法学学生","xx学院xx专业","大学","xx大学xx专业",""
"柏看峰","部门三\n三级主办","女","汉","四川成都","2000.04","2020.02","2022.09","2022.09","1997.02","大学法学学生","xx学院xx专业","大学","xx大学xx专业",""
"潘就刚","部门三\n二级主办","女","汉","四川成都","1995.11","2019.08","2022.10","2022.10","1997.02","大学法学学生","xx学院xx专业","大学","xx大学xx专业",""
"余再伟","部门三\n二级主办","女","汉","四川成都","1981.04","2009.03","2015.11","2015.11","1997.02","大学法学学生","xx学院xx专业","大学","xx大学xx专业",""
"章本毅","部门二\n一级主办","男","汉","四川成都","1964.01","2004.05","2006.10","2006.10","1997.02","大学法学学生","xx学院xx专业","大学","xx大学xx专业",""
"廉我强","部门五\n三级高级主办","女","汉","四川成都","1991.03","2012.07","2019.11","2019.11","1997.02","大学法学学生","xx学院xx专业","大学","xx大学xx专业",""
"岑她军","部门二\n三级主办","男","汉","四川成都","1994.04","2014.04","2018.06","2018.06","1997.02","大学法学学生","xx学院xx专业","大学","xx大学xx专业",""
"尤说话健","部门一\n一级主办","女","汉","四川成都","1988.10","2016.02","2020.07","2020.07","1997.02","大学法学学生","xx学院xx专业","大学","xx大学xx专业",""
"于再毅","部门二\n一级行政执法员","女","汉","四川成都","1965.09","2003.07","2005.03","2005.03","1997.02","大学法学学生","xx学院xx专业","大学","xx大学xx专业",""
"贺出健","部门二\n三级主办","女","汉","四川成都","1973.06","2004.03","2020.08","2020.08","1997.02","大学法学学生","xx学院xx专业","大学","xx大学xx专业",""
"鲍看刚","部门二\n三级主办","女","汉","四川成都","1991.06","2014.02","2020.02","2020.02","1997.02","大学法学学生","xx学院xx专业","大学","xx大学xx专业",""
"柏着军","部门四\n二级主办","女","汉","四川成都","1959.05","2004.10","2006.08","2006.08","1997.02","大学法学学生","xx学院xx专业","大学","xx大学xx专业",""
"周时峰","部门三\n四级高级主办","女","汉","四川成都","1971.07","1999.08","2003.03","2003.03","1997.02","大学法学学生","xx学院xx专业","大学","xx大学xx专业",""
"董有峰","部门五\n三级高级主办","男","汉","四川成都","1971.10","2009.02","2013.03","2013.03","1997.02","大学法学学生","xx学院xx专业","大学","xx大学xx专业",""
"昌说健","部门三\n三级高级主办","男","汉","四川成都","1998.06","2018.08","2021.07","2021.07","1997.02","大学法学学生","xx学院xx专业","大学","xx大学xx专业",""
"罗后强","部门四\n一级主办","男","汉","四川成都","1959.04","2003.07","2022.02","2022.02","1997.02","大学法学学生","xx学院xx专业","大学","xx大学xx专业",""
"卞使杰","部门四\n四级主办","男","汉","四川成都","1992.10","2020.06","2022.03","2022.03","1997.02","大学法学学生","xx学院xx专业","大学","xx大学xx专业",""
"金地毅","部门一\n一级行政执法员","男","汉","四川成都","1975.11","2008.07","2017.05","2017.05","1997.02","大学法学学生","xx学院xx专业","大学","xx大学xx专业",""
"皮里军","部门四\n四级高级主办","女","汉","四川成都","1973.11","2018.10","2021.02","2021.02","1997.02","大学法学学生","xx学院xx专业","大学","xx大学xx专业",""
"秦子强","部门四\n二级主办","女","汉","四川成都","1962.01","1983.04","1993.04","1993.04","1997.02","大学法学学生","xx学院xx专业","大学","xx大学xx专业",""
"顾去强","部门二\n三级高级主办","女","汉","四川成都","1972.08","2006.05","2019.12","2019.12","1997.02","大学法学学生","xx学院xx专业","大学","xx大学xx专业",""
"朱使军","部门五\n二级主办","男","汉","四川成都","1955.08","1977.10","1986.08","1986.08","1997.02","大学法学学生","xx学院xx专业","大学","xx大学xx专业",""
"邵把峰","部门四\n三级主办","女","汉","四川成都","1962.04","1987.08","1999.01","1999.01","1997.02","大学法学学生","xx学院xx专业","大学","xx大学xx专业",""
"范生毅","部门三\n四级高级主办","女","汉","四川成都","1995.01","2017.03","2021.09","2021.09","1997.02","大学法学学生","xx学院xx专业","大学","xx大学xx专业",""
"苏不健","部门五\n三级主办","男","汉","四川成都","1965.05","2008.12","2017.09","2017.09","1997.02","大学法学学生","xx学院xx专业","大学","xx大学xx专业",""
"柳她健","部门五\n三级主办","女","汉","四川成都","1970.04","2014.06","2018.05","2018.05","1997.02","大学法学学生","xx学院xx专业","大学","xx大学xx专业",""
"喻在健","部门四\n一级高级主办","男","汉","四川成都","1969.05","1996.07","2016.07","2016.07","1997.02","大学法学学生","xx学院xx专业","大学","xx大学xx专业",""
"水打俊","部门三\n二级主办","男","汉","四川成都","1978.04","2003.03","2006.07","2006.07","1997.02","大学法学学生","xx学院xx专业","大学","xx大学xx专业",""
"庞道健","部门三\n一级主办","女","汉","四川成都","1982.01","2014.07","2019.12","2019.12","1997.02","大学法学学生","xx学院xx专业","大学","xx大学xx专业",""
"于了健","部门五\n一级行政执法员","男","汉","四川成都","1997.08","2019.06","2022.02","2022.02","1997.02","大学法学学生","xx学院xx专业","大学","xx大学xx专业",""
"任了军","部门三\n一级主办","男","汉","四川成都","1977.11","2007.07","2011.06","2011.06","1997.02","大学法学学生","xx学院xx专业","大学","xx大学xx专业",""
"殷为峰","部门一\n四级主办","女","汉","四川成都","1995.05","2018.03","2022.09","2022.09","1997.02","大学法学学生","xx学院xx专业","大学","xx大学xx专业",""
"郝他俊","部门一\n四级主办","女","汉","四川成都","1978.03","2014.12","2020.09","2020.09","1997.02","大学法学学生","xx学院xx专业","大学","xx大学xx专业",""
"周他强","部门五\n四级主办","女","汉","四川成都","1957.10","1987.05","2022.05","2022.05","1997.02","大学法学学生","xx学院xx专业","大学","xx大学xx专业",""
"纪很毅","部门五\n一级行政执法员","女","汉","四川成都","1969.08","1998.07","2011.06","2011.06","1997.02","大学法学学生","xx学院xx专业","大学","xx大学xx专业",""
"卞使强","部门四\n三级主办","男","汉","四川成都","1999.10","2020.06","2022.03","2022.03","1997.02","大学法学学生","xx学院xx专业","大学","xx大学xx专业",""
"苏大勇","部门三\n四级主办","男","汉","四川成都","1964.04","1996.01","2015.10","2015.10","1997.02","大学法学学生","xx学院xx专业","大学","xx大学xx专业",""
"马好俊","部门三\n二级主办","女","汉","四川成都","1996.03","2018.09","2020.05","2020.05","1997.02","大学法学学生","xx学院xx专业","大学","xx大学xx专业",""
"柏还军","部门三\n四级高级主办","女","汉","四川成都","1993.05","2015.05","2019.07","2019.07","1997.02","大学法学学生","xx学院xx专业","大学","xx大学xx专业",""
"平还军","部门三\n三级主办","女","汉","四川成都","1979.12","2010.11","2020.02","2020.02","1997.02","大学法学学生","xx学院xx专业","大学","xx大学xx专业",""
"吕那么毅","部门一\n一级主办","女","汉","四川成都","1992.06","2017.09","2020.10","2020.10","1997.02","大学法学学生","xx学院xx专业","大学","xx大学xx专业",""
"孙后俊","部门三\n三级主办","女","汉","四川成都","1979.06","1999.10","2003.11","2003.11","1997.02","大学法学学生","xx学院xx专业","大学","xx大学xx专业",""
"安做伟","部门三\n一级主办","男","汉","四川成都","1995.07","2019.08","2022.10","2022.10","1997.02","大学法学学生","xx学院xx专业","大学","xx大学xx专业",""
"姚子勇","部门二\n四级高级主办","女","汉","四川成都","1965.10","1996.01","1999.02","1999.02","1997.02","大学法学学生","xx学院xx专业","大学","xx大学xx专业",""
"孙都勇","部门一\n二级主办","男","汉","四川成都","1955.05","1996.07","2000.02","2000.02","1997.02","大学法学学生","xx学院xx专业","大学","xx大学xx专业",""
"孙下健","部门五\n一级行政执法员","女","汉","四川成都","1959.06","2010.05","2016.03","2016.03","1997.02","大学法学学生","xx学院xx专业","大学","xx大学xx专业",""
"臧你伟","部门五\n四级主办","男","汉","四川成都","1983.02","2004.10","2010.01","2010.01","1997.02","大学法学学生","xx学院xx专业","大学","xx大学xx专业",""
"熊做健","部门一\n二级高级主办","男","汉","四川成都","1965.10","1993.06","2007.06","2007.06","1997.02","大学法学学生","xx学院xx专业","大学","xx大学xx专业",""
"严再军","部门五\n一级主办","女","汉","四川成都","1986.03","2006.12","2017.12","2017.12","1997.02","大学法学学生","xx学院xx专业","大学","xx大学xx专业",""
"乐只健","部门五\n三级高级主办","男","汉","四川成都","1970.02","2010.01","2019.10","2019.10","1997.02","大学法学学生","xx学院xx专业","大学","xx大学xx专业",""
"魏地杰","部门四\n三级主办","女","汉","四川成都","1963.03","2012.01","2021.07","2021.07","1997.02","大学法学学生","xx学院xx专业","大学","xx大学xx专业",""
"于就健","部门二\n四级主办","男","汉","四川成都","1959.10","1994.11","2000.05","2000.05","1997.02","大学法学学生","xx学院xx专业","大学","xx大学xx专业",""
"傅能伟","部门一\n四级高级主办","女","汉","四川成都","1995.10","2016.09","2018.02","2018.02","1997.02","大学法学学生","xx学院xx专业","大学","xx大学xx专业",""
"倪故刚","部门三\n三级主办","女","汉","四川成都","1957.10","1997.03","2014.12","2014.12","1997.02","大学法学学生","xx学院xx专业","大学","xx大学xx专业",""
"柳她俊","部门四\n二级高级主办","男","汉","四川成都","1984.01","2010.04","2017.12","2017.12","1997.02","大学法学学生","xx学院xx专业","大学","xx大学xx专业",""
"施生刚","部门五\n二级高级主办","男","汉","四川成都","1995.11","2019.04","2022.10","2022.10","1997.02","大学法学学生","xx学院xx专业","大学","xx大学xx专业",""
"尹见强","部门四\n四级主办","男","汉","四川成都","1981.12","2002.04","2015.04","2015.04","1997.02","大学法学学生","xx学院xx专业","大学","xx大学xx专业",""
"廉他健","部门三\n一级行政执法员","女","汉","四川成都","1990.06","2017.09","2019.06","2019.06","1997.02","大学法学学生","xx学院xx专业","大学","xx大学xx专业",""
"周到伟","部门五\n三级高级主办","女","汉","四川成都","1980.04","2009.03","2022.04","2022.04","1997.02","大学法学学生","xx学院xx专业","大学","xx大学xx专业",""
"郑到伟","部门三\n一级行政执法员","女","汉","四川成都","1959.01","1998.07","2007.11","2007.11","1997.02","大学法学学生","xx学院xx专业","大学","xx大学xx专业",""
"祝对健","部门五\n二级主办","男","汉","四川成都","1974.02","2018.11","2020.02","2020.02","1997.02","大学法学学生","xx学院xx专业","大学","xx大学xx专业",""
"邹说军","部门五\n二级主办","女","汉","四川成都","1969.03","2006.10","2010.03","2010.03","1997.02","大学法学学生","xx学院xx专业","大学","xx大学xx专业",""
"茅起来俊","部门四\n一级行政执法员","女","汉","四川成都","1994.10","2014.10","2018.09","2018.09","1997.02","大学法学学生","xx学院xx专业","大学","xx大学xx专业",""
"史这军","部门五\n四级主办","男","汉","四川成都","1998.08","2020.08","2022.08","2022.08","1997.02","大学法学学生","xx学院xx专业","大学","xx大学xx专业",""
"卞会勇","部门四\n四级主办","男","汉","四川成都","1982.04","2020.09","2022.07","2022.07","1997.02","大学法学学生","xx学院xx专业","大学","xx大学xx专业",""
"俞出健","部门二\n四级主办","男","汉","四川成都","1960.09","1980.01","2013.02","2013.02","1997.02","大学法学学生","xx学院xx专业","大学","xx大学xx专业",""
"奚她伟","部门三\n三级主办","女","汉","四川成都","1976.09","2015.11","2019.09","2019.09","1997.02","大学法学学生","xx学院xx专业","大学","xx大学xx专业",""
"齐因伟","部门四\n三级高级主办","女","汉","四川成都","1998.08","2020.04","2022.12","2022.12","1997.02","大学法学学生","xx学院xx专业","大学","xx大学xx专业",""
"卞我军","部门五\n一级行政执法员","女","汉","四川成都","1960.05","2001.03","2010.01","2010.01","1997.02","大学法学学生","xx学院xx专业","大学","xx大学xx专业",""
"宋去强","部门四\n一级行政执法员","男","汉","四川成都","1991.09","2017.11","2021.05","2021.05","1997.02","大学法学学生","xx学院xx专业","大学","xx大学xx专业",""
"谈再伟","部门五\n三级主办","女","汉","四川成都","1969.10","1992.09","2017.10","2017.10","1997.02","大学法学学生","xx学院xx专业","大学","xx大学xx专业",""
"张那健","部门三\n副支队长","男","汉","四川成都","1991.09","2016.01","2018.09","2018.09","1997.02","大学法学学生","xx学院xx专业","大学","xx大学xx专业",""
"臧总军","部门二\n四级高级主办","男","汉","四川成都","1994.03","2018.12","2021.07","2021.07","1997.02","大学法学学生","xx学院xx专业","大学","xx大学xx专业",""
"喻把俊","部门三\n二级高级主办","女","汉","四川成都","1955.08","1987.07","2004.09","2004.09","1997.02","大学法学学生","xx学院xx专业","大学","xx大学xx专业",""
"和老健","部门二\n一级行政执法员","女","汉","四川成都","1989.06","2012.07","2016.12","2016.12","1997.02","大学法学学生","xx学院xx专业","大学","xx大学xx专业",""
"郑生伟","部门五\n支队长","男","汉","四川成都","1986.01","2006.04","2015.10","2015.10","1997.02","大学法学学生","xx学院xx专业","大学","xx大学xx专业",""
"杨生强","部门五\n三级高级主办","男","汉","四川成都","1958.07","2015.07","2018.07","2018.07","1997.02","大学法学学生","xx学院xx专业","大学","xx大学xx专业",""
"屈上刚","部门二\n三级主办","男","汉","四川成都","1958.11","1990.07","2017.07","2017.07","1997.02","大学法学学生","xx学院xx专业","大学","xx大学xx专业",""
"庞学军","部门三\n四级主办","男","汉","四川成都","1992.01","2015.05","2018.09","2018.09","1997.02","大学法学学生","xx学院xx专业","大学","xx大学xx专业",""
"孟时健","部门三\n三级主办","女","汉","四川成都","1957.01","1991.12","2001.03","2001.03","1997.02","大学法学学生","xx学院xx专业","大学","xx大学xx专业",""
"费样毅","部门一\n四级主办","女","汉","四川成都","1962.12","1993.08","2020.03","2020.03","1997.02","大学法学学生","xx学院xx专业","大学","xx大学xx专业",""
"谈看健","部门五\n一级高级主办","女","汉","四川成都","1976.03","2016.05","2020.02","2020.02","1997.02","大学法学学生","xx学院xx专业","大学","xx大学xx专业",""
"柳时勇","部门一\n一级高级主办","男","汉","四川成都","1977.05","2007.02","2018.07","2018.07","1997.02","大学法学学生","xx学院xx专业","大学","xx大学xx专业",""
"吕老军","部门三\n三级主办","女","汉","四川成都","1970.08","2000.11","2014.05","2014.05","1997.02","大学法学学生","xx学院xx专业","大学","xx大学xx专业",""
"何去俊","部门四\n四级主办","女","汉","四川成都","1982.09","2016.10","2018.11","2018.11","1997.02","大学法学学生","xx学院xx专业","大学","xx大学xx专业",""
"安得勇","部门五\n三级高级主办","女","汉","四川成都","1970.03","2001.03","2004.01","2004.01","1997.02","大学法学学生","xx学院xx专业","大学","xx大学xx专业",""
"顾和毅","部门一\n四级主办","女","汉","四川成都","1958.12","2005.12","2008.04","2008.04","1997.02","大学法学学生","xx学院xx专业","大学","xx大学xx专业",""
"袁了军","部门五\n三级高级主办","男","汉","四川成都","1981.06","2006.08","2013.01","2013.01","1997.02","大学法学学生","xx学院xx专业","大学","xx大学xx专业",""
"贺本俊","部门一\n三级主办","女","汉","四川成都","1956.09","2014.03","2019.07","2019.07","1997.02","大学法学学生","xx学院xx专业","大学","xx大学xx专业",""
"米这伟","部门五\n四级主办","男","汉","四川成都","1999.05","2020.09","2022.02","2022.02","1997.02","大学法学学生","xx学院xx专业","大学","xx大学xx专业",""
"戚人伟","部门三\n一级主办","男","汉","四川成都","2000.07","2020.06","2022.01","2022.01","1997.02","大学法学学生","xx学院xx专业","大学","xx大学xx专业",""
"费走健","部门三\n一级行政执法员","女","汉","四川成都","1981.05","2004.09","2016.06","2016.06","1997.02","大学法学学生","xx学院xx专业","大学","xx大学xx专业",""
"罗生健","部门一\n一级行政执法员","女","汉","四川成都","1958.08","1981.05","1987.11","1987.11","1997.02","大学法学学生","xx学院xx专业","大学","xx大学xx专业",""
"舒大军","部门一\n四级主办","女","汉","四川成都","1958.08","1998.12","2013.07","2013.07","1997.02","大学法学学生","xx学院xx专业","大学","xx大学xx专业",""
"纪和军","部门三\n一级行政执法员","男","汉","四川成都","1968.06","2016.04","2018.08","2018.08","1997.02","大学法学学生","xx学院xx专业","大学","xx大学xx专业",""
"昌在俊","部门二\n二级主办","女","汉","四川成都","1955.10","1986.08","1999.09","1999.09","1997.02","大学法学学生","xx学院xx专业","大学","xx大学xx专业",""
"姜来强","部门五\n一级行政执法员","女","汉","四川成都","1973.02","2006.06","2011.03","2011.03","1997.02","大学法学学生","xx学院xx专业","大学","xx大学xx专业",""
"薛生毅","部门三\n一级行政执法员","女","汉","四川成都","1999.11","2020.05","2022.06","2022.06","1997.02","大学法学学生","xx学院xx专业","大学","xx大学xx专业",""
"余生军","部门四\n一级行政执法员","女","汉","四川成都","1998.04","2020.08","2022.06","2022.06","1997.02","大学法学学生","xx学院xx专业","大学","xx大学xx专业",""
"孙道杰","部门一\n一级高级主办","男","汉","四川成都","1983.03","2010.11","2017.12","2017.12","1997.02","大学法学学生","xx学院xx专业","大学","xx大学xx专业",""
"郑和健","部门四\n四级主办","男","汉","四川成都","1955.07","1980.11","2019.04","2019.04","1997.02","大学法学学生","xx学院xx专业","大学","xx大学xx专业",""
"彭听军","部门二\n三级主办","男","汉","四川成都","2000.11","2020.07","2022.01","2022.01","1997.02","大学法学学生","xx学院xx专业","大学","xx大学xx专业",""
"曹本军","部门二\n一级主办","女","汉","四川成都","1960.06","2018.01","2021.08","2021.08","1997.02","大学法学学生","xx学院xx专业","大学","xx大学xx专业",""
"许我俊","部门三\n四级主办","男","汉","四川成都","1998.07","2020.05","2022.08","2022.08","1997.02","大学法学学生","xx学院xx专业","大学","xx大学xx专业",""
"狄打勇","部门三\n一级主办","男","汉","四川成都","1957.04","2017.08","2022.10","2022.10","1997.02","大学法学学生","xx学院xx专业","大学","xx大学xx专业",""
"米使军","部门二\n一级主办","男","汉","四川成都","1967.07","2020.10","2022.12","2022.12","1997.02","大学法学学生","xx学院xx专业","大学","xx大学xx专业",""
"萧学刚","部门一\n一级主办","男","汉","四川成都","1972.10","1994.08","2015.07","2015.07","1997.02","大学法学学生","xx学院xx专业","大学","xx大学xx专业",""
"倪总俊","部门四\n三级主办","男","汉","四川成都","1988.12","2010.02","2015.08","2015.08","1997.02","大学法学学生","xx学院xx专业","大学","xx大学xx专业",""
"蒋看健","部门一\n四级主办","男","汉","四川成都","1986.08","2006.11","2014.12","2014.12","1997.02","大学法学学生","xx学院xx专业","大学","xx大学xx专业",""
"戚见勇","部门二\n副支队长","女","汉","四川成都","1996.12","2017.12","2019.04","2019.04","1997.02","大学法学学生","xx学院xx专业","大学","xx大学xx专业",""
"杨想军","部门四\n二级主办","女","汉","四川成都","1959.10","1980.06","1990.12","1990.12","1997.02","大学法学学生","xx学院xx专业","大学","xx大学xx专业",""
"严我勇","部门三\n二级主办","女","汉","四川成都","1979.03","2002.05","2010.01","2010.01","1997.02","大学法学学生","xx学院xx专业","大学","xx大学xx专业",""
"孟真毅","部门一\n一级行政执法员","女","汉","四川成都","1973.11","2001.01","2021.05","2021.05","1997.02","大学法学学生","xx学院xx专业","大学","xx大学xx专业",""
"冯把峰","部门一\n四级主办","女","汉","四川成都","1979.05","2019.12","2021.03","2021.03","1997.02","大学法学学生","xx学院xx专业","大学","xx大学xx专业",""
"张时俊","部门二\n四级高级主办","男","汉","四川成都","1974.12","2018.01","2021.04","2021.04","1997.02","大学法学学生","xx学院xx专业","大学","xx大学xx专业",""
"明时健","部门四\n三级主办","女","汉","四川成都","1985.09","2008.06","2018.09","2018.09","1997.02","大学法学学生","xx学院xx专业","大学","xx大学xx专业",""
"华能杰","部门四\n二级高级主办","女","汉","四川成都","1986.01","2013.10","2015.12","2015.12","1997.02","大学法学学生","xx学院xx专业","大学","xx大学xx专业",""
"袁她强","部门二\n四级主办","男","汉","四川成都","1957.02","1986.09","2019.01","2019.01","1997.02","大学法学学生","xx学院xx专业","大学","xx大学xx专业",""
"周以杰","部门五\n四级主办","男","汉","四川成都","1973.06","2001.09","2013.04","2013.04","1997.02","大学法学学生","xx学院xx专业","大学","xx大学xx专业",""
"喻打毅","部门四\n二级主办","女","汉","四川成都","1971.07","2002.10","2015.03","2015.03","1997.02","大学法学学生","xx学院xx专业","大学","xx大学xx专业",""
"彭对军","部门五\n四级主办","女","汉","四川成都","1989.05","2017.09","2020.04","2020.04","1997.02","大学法学学生","xx学院xx专业","大学","xx大学xx专业",""
"齐使俊","部门一\n一级行政执法员","男","汉","四川成都","1986.12","2017.10","2022.05","2022.05","1997.02","大学法学学生","xx学院xx专业","大学","xx大学xx专业",""
"狄使俊","部门四\n四级主办","女","汉","四川成都","1998.09","2019.10","2022.03","2022.03","1997.02","大学法学学生","xx学院xx专业","大学","xx大学xx专业",""
"孟把俊","部门四\n三级主办","女","汉","四川成都","1979.01","2006.07","2013.05","2013.05","1997.02","大学法学学生","xx学院xx专业","大学","xx大学xx专业",""
"曹中健","部门四\n一级主办","男","汉","四川成都","1978.12","2017.02","2022.05","2022.05","1997.02","大学法学学生","xx学院xx专业","大学","xx大学xx专业",""
"范使刚","部门五\n一级主办","男","汉","四川成都","1976.11","2009.02","2013.02","2013.02","1997.02","大学法学学生","xx学院xx专业","大学","xx大学xx专业",""
"雷想军","部门三\n四级主办","男","汉","四川成都","2000.09","2020.12","2022.06","2022.06","1997.02","大学法学学生","xx学院xx专业","大学","xx大学xx专业",""
"施就刚","部门五\n三级主办","女","汉","四川成都","1990.12","2017.05","2022.09","2022.09","1997.02","大学法学学生","xx学院xx专业","大学","xx大学xx专业",""
"戴去刚","部门一\n三级高级主办","女","汉","四川成都","1971.05","2004.01","2016.02","2016.02","1997.02","大学法学学生","xx学院xx专业","大学","xx大学xx专业",""
"岑把杰","部门四\n三级主办","男","汉","四川成都","1990.10","2014.04","2019.02","2019.02","1997.02","大学法学学生","xx学院xx专业","大学","xx大学xx专业",""
"金地杰","部门三\n一级行政执法员","女","汉","四川成都","1961.07","2017.12","2021.10","2021.10","1997.02","大学法学学生","xx学院xx专业","大学","xx大学xx专业",""
"鲁么健","部门一\n一级行政执法员","男","汉","四川成都","1985.07","2012.06","2020.03","2020.03","1997.02","大学法学学生","xx学院xx专业","大学","xx大学xx专业",""
"邬有俊","部门五\n一级行政执法员","女","汉","四川成都","1993.03","2019.04","2022.12","2022.12","1997.02","大学法学学生","xx学院xx专业","大学","xx大学xx专业",""
"施子军","部门二\n一级行政执法员","女","汉","四川成都","1997.09","2017.11","2021.04","2021.04","1997.02","大学法学学生","xx学院xx专业","大学","xx大学xx专业",""
"卞大俊","部门一\n四级高级主办","男","汉","四川成都","1966.04","2018.04","2020.01","2020.01","1997.02","大学法学学生","xx学院xx专业","大学","xx大学xx专业",""
"熊么军","部门二\n四级主办","男","汉","四川成都","1964.03","2018.04","2021.09","2021.09","1997.02","大学法学学生","xx学院xx专业","大学","xx大学xx专业",""
"罗学峰","部门一\n三级主办","男","汉","四川成都","1960.05","1984.06","2007.02","2007.02","1997.02","大学法学学生","xx学院xx专业","大学","xx大学xx专业",""
"庞那杰","部门一\n一级行政执法员","男","汉","四川成都","2000.06","2020.04","2022.04","2022.04","1997.02","大学法学学生","xx学院xx专业","大学","xx大学xx专业",""
"薛的毅","部门五\n四级高级主办","女","汉","四川成都","1962.08","2010.02","2021.12","2021.12","1997.02","大学法学学生","xx学院xx专业","大学","xx大学xx专业",""
"常他峰","部门四\n三级高级主办","男","汉","四川成都","1978.02","2017.04","2022.02","2022.02","1997.02","大学法学学生","xx学院xx专业","大学","xx大学xx专业",""
"常是军","部门一\n三级主办","女","汉","四川成都","1973.03","2007.12","2010.01","2010.01","1997.02","大学法学学生","xx学院xx专业","大学","xx大学xx专业",""
"水样勇","部门四\n一级主办","男","汉","四川成都","1983.09","2019.03","2021.07","2021.07","1997.02","大学法学学生","xx学院xx专业","大学","xx大学xx专业",""
"花个强","部门二\n三级高级主办","男","汉","四川成都","1976.01","2007.08","2011.08","2011.08","1997.02","大学法学学生","xx学院xx专业","大学","xx大学xx专业",""
"孟个勇","部门四\n一级高级主办","女","汉","四川成都","1995.06","2016.11","2018.03","2018.03","1997.02","大学法学学生","xx学院xx专业","大学","xx大学xx专业",""
"吕对健","部门五\n三级主办","女","汉","四川成都","1982.01","2011.01","2016.09","2016.09","1997.02","大学法学学生","xx学院xx专业","大学","xx大学xx专业",""
"尹真毅","部门二\n一级行政执法员","男","汉","四川成都","1972.03","1996.09","2005.06","2005.06","1997.02","大学法学学生","xx学院xx专业","大学","xx大学xx专业",""
"倪他勇","部门一\n三级主办","女","汉","四川成都","1987.02","2017.11","2020.10","2020.10","1997.02","大学法学学生","xx学院xx专业","大学","xx大学xx专业",""
"汤把峰","部门一\n四级主办","女","汉","四川成都","1976.05","1999.07","2005.07","2005.07","1997.02","大学法学学生","xx学院xx专业","大学","xx大学xx专业",""
"许那么健","部门五\n二级高级主办","女","汉","四川成都","1960.12","2014.08","2017.08","2017.08","1997.02","大学法学学生","xx学院xx专业","大学","xx大学xx专业",""
"臧只毅","部门三\n一级主办","女","汉","四川成都","1977.01","2007.12","2014.02","2014.02","1997.02","大学法学学生","xx学院xx专业","大学","xx大学xx专业",""
"孟好军","部门三\n三级高级主办","女","汉","四川成都","1976.07","2013.11","2016.09","2016.09","1997.02","大学法学学生","xx学院xx专业","大学","xx大学xx专业",""
"贺做伟","部门五\n三级主办","女","汉","四川成都","1959.09","2009.03","2014.11","2014.11","1997.02","大学法学学生","xx学院xx专业","大学","xx大学xx专业",""
"安和健","部门一\n三级主办","男","汉","四川成都","1955.05","2012.03","2017.11","2017.11","1997.02","大学法学学生","xx学院xx专业","大学","xx大学xx专业",""
"米只杰","部门五\n一级高级主办","女","汉","四川成都","1963.07","1983.02","2004.01","2004.01","1997.02","大学法学学生","xx学院xx专业","大学","xx大学xx专业",""
"韦大毅","部门一\n四级主办","男","汉","四川成都","1991.04","2018.04","2022.02","2022.02","1997.02","大学法学学生","xx学院xx专业","大学","xx大学xx专业",""
"喻为刚","部门四\n一级高级主办","女","汉","四川成都","1999.06","2019.09","2021.06","2021.06","1997.02","大学法学学生","xx学院xx专业","大学","xx大学xx专业",""
"卫那么伟","部门四\n二级高级主办","女","汉","四川成都","1969.04","1991.04","2019.12","2019.12","1997.02","大学法学学生","xx学院xx专业","大学","xx大学xx专业",""
"苗再俊","部门三\n支队长","女","汉","四川成都","1987.09","2018.07","2021.09","2021.09","1997.02","大学法学学生","xx学院xx专业","大学","xx大学xx专业",""
